Японское имя,Тип(-ы),Вид,Способности,Номера в покедексе,Канто,Джото,Хоэнн,Синно,Юнова,Калос,Алола,Галар,Эволюция из,Эволюция в,Линия эволюции,Пол,РостВес,Цвет в покедексеЯйцо,Форма тела,Отпечаток лапыКрик,Имя,Ссылка,Цвет в покедексе,Тип,Скорость поимкиСкорость развития,Доходность EV,Соотношение полов,Яйцевая группаВылупление,Базовая дружба с тренеромБазовый доход опыта,Форма телаОтпечаток лапы,Цвет в покедексеКрик,Альтернативные формы,Яйцевые группыВылупление,Типы,Способность
ユキノオー / Yukino'oo,Травяной/Ледяной,Frost Tree,Snow WarningSoundproof(dw),Сновер← 0460 →Вивайл,—,—,—,—,—,—,—,—,,,,50%/50 %,2.2 м.135.5 кг.,MonsterGrass,,http://pokemon.wikia.com/wiki/File:0460.ogg,Абомасноу,https://pokemon.fandom.com/ru/wiki/%D0%90%D0%B1%D0%BE%D0%BC%D0%B0%D1%81%D0%BD%D0%BE%D1%83,,,,,,,,,,,,,
ケーシィ / Keeshyi,Психический,Psi,SynchronizeInner FocusMagic Guard(dw),Поливрат← 0063 →Кадабра,0063,—,—,—,—,—,—,—,,,,75%/25 %,0.9 м.19.5 кг.,Human-Like,,http://pokemon.wikia.com/wiki/File:0063.ogg,Абра,https://pokemon.fandom.com/ru/wiki/%D0%90%D0%B1%D1%80%D0%B0,,,,,,,,,,,,,
アブソル / Abusoru,Тёмный,Disaster,PressureSuper LuckJustified(dw),Чаймеко← 0359 →Вайнот,—,—,—,—,—,—,—,—,,,,50%/50 %,1.2 м.47.0 кг.,Field,,http://pokemon.wikia.com/wiki/File:0359.ogg,Абсол,https://pokemon.fandom.com/ru/wiki/%D0%90%D0%B1%D1%81%D0%BE%D0%BB,,,,,,,,,,,,,
クレベース / Kurebeesu,Ледяной,Ледянойberg Pokemon,Own TempoIce BodySturdy(dw),Бергмайт← 0713 →Нойбат,—,—,—,—,—,—,—,—,,,,50%/50 %,2.0 м.505.0 кг.,MonsterMineral,,http://pokemon.wikia.com/wiki/File:0713.ogg,Авалугг,https://pokemon.fandom.com/ru/wiki/%D0%90%D0%B2%D0%B0%D0%BB%D1%83%D0%B3%D0%B3,,,,,,,,,,,,,
アマルルガ / Amaruruga,Каменный/Ледяной,Tundra,RefrigerateSnow Warning(dw),Амаура← 0699 →Сильвеон,—,—,—,—,—,—,—,—,,,,87.5%/12.5 %,2.7 м.225.0 кг.,Monster,,http://pokemon.wikia.com/wiki/File:0699.ogg,Авророс,https://pokemon.fandom.com/ru/wiki/%D0%90%D0%B2%D1%80%D0%BE%D1%80%D0%BE%D1%81,,,,,,,,,,,,,
ボスゴドラ / Bosugodora,Стальной/Каменный,Iron Armor,SturdyRock HeadHeavy Metal(dw),Лайрон← 0306 →Медитайт,—,—,—,—,—,—,—,—,,,,50%/50 %,2.1 м.360.0 кг.,Monster,,http://pokemon.wikia.com/wiki/File:0306.ogg,Аггрон,https://pokemon.fandom.com/ru/wiki/%D0%90%D0%B3%D0%B3%D1%80%D0%BE%D0%BD,,,,,,,,,,,,,
ギルガルド / Girugarudo,Стальной/Призрачный,Royal Sword,Stance Change,Даблейд← 0681 →Спритци,—,—,—,—,—,—,—,—,,,,50%/50 %,1.7 м.53.0 кг.,Mineral,,http://pokemon.wikia.com/wiki/File:0681.ogg,Аегислэш,https://pokemon.fandom.com/ru/wiki/%D0%90%D0%B5%D0%B3%D0%B8%D1%81%D0%BB%D1%8D%D1%88,,,,,,,,,,,,,
アグノム / Agunomu,Психический,Willpower,Levitate,Месприт← 0482 →Диалга,—,—,—,—,—,—,—,—,,,,Бесполое,0.3 м.0.3 кг.,,,http://pokemon.wikia.com/wiki/File:0482.ogg,Азельф,https://pokemon.fandom.com/ru/wiki/%D0%90%D0%B7%D0%B5%D0%BB%D1%8C%D1%84,,,,,,,,,,,,,
マリルリ / Mariruri,Водный/Волшебный,Aqua Rabbit,Thick FatHuge PowerSap Sipper(dw),Мэрилл← 0184 →Судовудо,—,—,—,—,—,—,—,—,,,Файл:0Marill184.png,50%/50 %,0.8 м.28.5 кг.,Water 1Fairy,,http://pokemon.wikia.com/wiki/File:0184.ogg,Азумарилл,https://pokemon.fandom.com/ru/wiki/%D0%90%D0%B7%D1%83%D0%BC%D0%B0%D1%80%D0%B8%D0%BB%D0%BB,,,,,,,,,,,,,
ルリリ / Ruriri,Нормальный/Волшебный,Polka Dot,Thick FatHuge PowerSap Sipper(dw),Харияма← 0298 →Носпас,—,—,—,—,—,—,—,—,,,,25%/75 %,0.2 м.2.0 кг.,,,http://pokemon.wikia.com/wiki/File:0298.ogg,Азурилл,https://pokemon.fandom.com/ru/wiki/%D0%90%D0%B7%D1%83%D1%80%D0%B8%D0%BB%D0%BB,,,,,,,,,,,,,
Agilder,,,Hydration/Sticky HoldCacophonyCacophonyUnburden(скрытая способность)Cacophony(скрытая способность)CacophonyCacophony,Шелмет← 0617 →Станфиск,,,,,,,,,,,Файл:0Shelmet617.png,,0.8 м25.3 кг,,,,Аксельгор,https://pokemon.fandom.com/ru/wiki/%D0%90%D0%BA%D1%81%D0%B5%D0%BB%D1%8C%D0%B3%D0%BE%D1%80,,Насекомый,75(17.5%)Средне-быстрая,Всего: 2Accelgor:0ОЗ0Атк0Зщт0Сп.Атк0Сп.Зщт2Скор.0ОЗ0Атк0Зщт0Сп.Атк0Сп.Зщт0Скор.0ОЗ0Атк0Зщт0Сп.Атк0Сп.Зщт0Скор.0ОЗ0Атк0Зщт0Сп.Атк0Сп.Зщт0Скор.,50%/50%,Bug15циклов,70НеизвестноGen. IVНеизвестноIV173,,Красныйhttp://pokemon.wikia.com/wiki/File:0617.ogg,,,,
Foodin,,,Synchronize/Inner FocusAlakazamCacophonyМега АлаказамCacophonyMagic Guard(скрытая способность)Cacophony(скрытая способность)TraceМега АлаказамCacophony,Кадабра← 0065 →Мачоп,,,,,,,,,,,Файл:0AlakMS.png,,1.5 м48.0 кг,,,,Алаказам,https://pokemon.fandom.com/ru/wiki/%D0%90%D0%BB%D0%B0%D0%BA%D0%B0%D0%B7%D0%B0%D0%BC,,Психический,50(12.9%)Средне-медленная,Всего: 3Alakazam:0ОЗ0Атк0Зщт3Сп.Атк0Сп.Зщт0Скор.Мега Алаказам:0ОЗ0Атк0Зщт0Сп.Атк0Сп.Зщт0Скор.0ОЗ0Атк0Зщт0Сп.Атк0Сп.Зщт0Скор.0ОЗ0Атк0Зщт0Сп.Атк0Сп.Зщт0Скор.,75%/25%,Human-Like20циклов,70186Gen. I-IVНеизвестноIV225V+,,Коричневыйhttp://pokemon.wikia.com/wiki/File:0065.ogg,Мега Алаказам,,,
マホイップ / Mahoippu,Волшебный,Cream,Sweet Veil,Милсери← 0869 →Фалинкс,—,—,—,—,—,—,—,—,,,,0%/100 %,0.3 м.0.5 кг.,FairyAmorphous,,Файл:F0869.pngФайл:0869.ogg,Алкреми,https://pokemon.fandom.com/ru/wiki/%D0%90%D0%BB%D0%BA%D1%80%D0%B5%D0%BC%D0%B8,,,,,,,,,,,,,
Mamanbou,,,Healer/HydrationCacophonyCacophonyRegenerator(скрытая способность)Cacophony(скрытая способность)CacophonyCacophony,Джеллисент← 0594 →Джолтик,,,,,,,,,,,,,1.2 м31.6 кг,,,,Аломомола,https://pokemon.fandom.com/ru/wiki/%D0%90%D0%BB%D0%BE%D0%BC%D0%BE%D0%BC%D0%BE%D0%BB%D0%B0,,Водный,75(17.5%)Быстрая,Всего: 2Alomomola:2ОЗ0Атк0Зщт0Сп.Атк0Сп.Зщт0Скор.0ОЗ0Атк0Зщт0Сп.Атк0Сп.Зщт0Скор.0ОЗ0Атк0Зщт0Сп.Атк0Сп.Зщт0Скор.0ОЗ0Атк0Зщт0Сп.Атк0Сп.Зщт0Скор.,50%/50%,,70НеизвестноGen. IVНеизвестноIV165,,Розовыйhttp://pokemon.wikia.com/wiki/File:0594.ogg,,Water 1/Water 240циклов,,
チルタリス / Chirutarisu,Драконий/Летающий,Humming,Natural CureCloud Nine(dw),Сваблу← 0334 →Зангус,—,—,—,—,—,—,—,—,,,,50%/50 %,1.1 м.20.6 кг.,FlyingDragon,,http://pokemon.wikia.com/wiki/File:0334.ogg,Алтария,https://pokemon.fandom.com/ru/wiki/%D0%90%D0%BB%D1%82%D0%B0%D1%80%D0%B8%D1%8F,,,,,,,,,,,,,
アマルス / Amarusu,Каменный/Ледяной,Tundra,RefrigerateSnow Warning(dw),Тайрантрум← 0698 →Авророс,—,—,—,—,—,—,—,—,,,,87.5%/12.5 %,1.3 м.25.2 кг.,Monster,,http://pokemon.wikia.com/wiki/File:0698.ogg,Амаура,https://pokemon.fandom.com/ru/wiki/%D0%90%D0%BC%D0%B0%D1%83%D1%80%D0%B0,,,,,,,,,,,,,
ブラッキー / Burakkii,Тёмный,Moonlight,SynchronizeInner Focus(dw),Эспеон← 0197 →Маркроу,—,—,—,—,—,—,—,—,,,,87.5%/12.5 %,1.0 м.27.0 кг.,Field,,http://pokemon.wikia.com/wiki/File:0197.ogg,Амбреон,https://pokemon.fandom.com/ru/wiki/%D0%90%D0%BC%D0%B1%D1%80%D0%B5%D0%BE%D0%BD,,,,,,,,,,,,,
モロバレル / Morobareru,Травяной/Ядовитый,Mushroom,Effect SporeRegenerator(dw),Фунгус← 0591 →Фриллиш,—,—,—,—,—,—,—,—,,,,50%/50 %,0.6 м.10.5 кг.,Grass,,http://pokemon.wikia.com/wiki/File:0591.ogg,Амунгус,https://pokemon.fandom.com/ru/wiki/%D0%90%D0%BC%D1%83%D0%BD%D0%B3%D1%83%D1%81,,,,,,,,,,,,,
デンリュウ / Denryuu,Электрический,Light,StaticPlus(dw),Флааффи← 0181 →Беллоссом,—,—,—,—,—,—,—,—,,,,50%/50 %,1.4 м.61.5 кг.,MonsterField,,http://pokemon.wikia.com/wiki/File:0181.ogg,Амфарос,https://pokemon.fandom.com/ru/wiki/%D0%90%D0%BC%D1%84%D0%B0%D1%80%D0%BE%D1%81,,,,,,,,,,,,,
Konoyozaru,,,Vital Spirit/Inner FocusCacophonyCacophonyDefiant(скрытая способность)Cacophony(скрытая способность)CacophonyCacophony,Тацугири← 0979 →Клодсайр,,,,,,,,,,,,,1.2 м56.0 кг,,,,Аннигилейп,https://pokemon.fandom.com/ru/wiki/%D0%90%D0%BD%D0%BD%D0%B8%D0%B3%D0%B8%D0%BB%D0%B5%D0%B9%D0%BF,,,45(11.9%)Средне-быстрая,Всего: 3Annihilape:0ОЗ3Атк0Зщт0Сп.Атк0Сп.Зщт0Скор.0ОЗ0Атк0Зщт0Сп.Атк0Сп.Зщт0Скор.0ОЗ0Атк0Зщт0Сп.Атк0Сп.Зщт0Скор.0ОЗ0Атк0Зщт0Сп.Атк0Сп.Зщт0Скор.,50%/50%,Field20циклов,50НеизвестноGen. IVНеизвестноIV268,,СерыйФайл:0979.ogg,,,Боевой/Призрачный,
アノプス / Anopusu,Каменный/Насекомый,Old Shrimp,Battle ArmorSwift Swim(dw),Крадили← 0347 →Армальдо,—,—,—,—,—,—,—,—,,,,87.5%/12.5 %,0.7 м.12.5 кг.,Water 3,,http://pokemon.wikia.com/wiki/File:0347.ogg,Анорит,https://pokemon.fandom.com/ru/wiki/%D0%90%D0%BD%D0%BE%D1%80%D0%B8%D1%82,,,,,,,,,,,,,
アンノーン / Annoon,Психический,Symbol,Levitate,Мисдривус← 0201 →Воббаффет,—,—,—,—,—,—,—,—,,,,Бесполое,0.5 м.5.0 кг.,,,http://pokemon.wikia.com/wiki/File:0201.ogg,Аноун,https://pokemon.fandom.com/ru/wiki/%D0%90%D0%BD%D0%BE%D1%83%D0%BD,,,,,,,,,,,,,
Kenhallow,,,Big Pecks/Super LuckCacophonyCacophonyRivalry(скрытая способность)Cacophony(скрытая способность)CacophonyCacophony,Транквилл← 0521 →Блитзл,,,,,,,,,,,,,1.2 м29.0 кг,,,,Анфезант,https://pokemon.fandom.com/ru/wiki/%D0%90%D0%BD%D1%84%D0%B5%D0%B7%D0%B0%D0%BD%D1%82,,,45(11.9%)Средне-медленная,Всего: 3Unfezant:0ОЗ3Атк0Зщт0Сп.Атк0Сп.Зщт0Скор.0ОЗ0Атк0Зщт0Сп.Атк0Сп.Зщт0Скор.0ОЗ0Атк0Зщт0Сп.Атк0Сп.Зщт0Скор.0ОЗ0Атк0Зщт0Сп.Атк0Сп.Зщт0Скор.,50%/50%,Flying15циклов,70НеизвестноGen. IVНеизвестноIV220,,Серыйhttp://pokemon.wikia.com/wiki/File:0521.ogg,,,Нормальный/Летающий,
オニシズクモ / Onishizukumo,Водный/Насекомый,Водный Bubble,Water BubbleWater Absorb(dw),Дюпайдер← 0752 →Фомантис,—,—,—,—,—,—,—,—,,,,50%/50 %,1.8 м.82.0 кг.,Water 1Bug,,Файл:F0752.pngФайл:0752.ogg,Аракванид,https://pokemon.fandom.com/ru/wiki/%D0%90%D1%80%D0%B0%D0%BA%D0%B2%D0%B0%D0%BD%D0%B8%D0%B4,,,,,,,,,,,,,
Arbok,,,Устрашение/Сброс кожиCacophonyCacophonyНервирование(скрытая способность)Cacophony(скрытая способность)CacophonyCacophony,Эканс← 0024 →Пикачу,,,,,,,,,,,,,3.5 м65.0 кг,,,,Арбок,https://pokemon.fandom.com/ru/wiki/%D0%90%D1%80%D0%B1%D0%BE%D0%BA,,Ядовитый,90(20.1%)Средне-быстрая,Всего: 2Arbok:0ОЗ2Атк0Зщт0Сп.Атк0Сп.Зщт0Скор.0ОЗ0Атк0Зщт0Сп.Атк0Сп.Зщт0Скор.0ОЗ0Атк0Зщт0Сп.Атк0Сп.Зщт0Скор.0ОЗ0Атк0Зщт0Сп.Атк0Сп.Зщт0Скор.,50%/50%,,70147Gen. I-IVНеизвестноIV157V+,,Фиолетовыйhttp://pokemon.wikia.com/wiki/File:0024.ogg,,Field/Dragon20циклов,,
Oliva,,,Seed SowerCacophonyCacophonyHarvest(скрытая способность)Cacophony(скрытая способность)CacophonyCacophony,Доллив← 0930 →Сквакабилли,,,,,,,,,,,,,1.4 м48.2 кг,,,,Арболива,https://pokemon.fandom.com/ru/wiki/%D0%90%D1%80%D0%B1%D0%BE%D0%BB%D0%B8%D0%B2%D0%B0,,,45(11.9%)Средне-медленная,Всего: 3Arboliva:0ОЗ0Атк0Зщт3Сп.Атк0Сп.Зщт0Скор.0ОЗ0Атк0Зщт0Сп.Атк0Сп.Зщт0Скор.0ОЗ0Атк0Зщт0Сп.Атк0Сп.Зщт0Скор.0ОЗ0Атк0Зщт0Сп.Атк0Сп.Зщт0Скор.,50%/50%,Grass20циклов,50НеизвестноGen. IVНеизвестноIV255,,ЗелёныйФайл:0930.ogg,,,Травяной/Нормальный,
アリアドス / Ariadosu,Насекомый/Ядовитый,Long Leg,SwarmInsomniaSniper(dw),Спинарак← 0168 →Кробат,—,—,—,—,—,—,—,—,,,,50%/50 %,1.1 м.33.5 кг.,Bug,,http://pokemon.wikia.com/wiki/File:0168.ogg,Ариадос,https://pokemon.fandom.com/ru/wiki/%D0%90%D1%80%D0%B8%D0%B0%D0%B4%D0%BE%D1%81,,,,,,,,,,,,,
ウインディ / Uindi,Огненный,Legendary,IntimidateFlash FireJustified(dw),Гроулит← 0059 →Поливаг,0059,—,—,—,—,—,—,—,,,,75%/25 %,1.9 м.155.0 кг.,Field,,http://pokemon.wikia.com/wiki/File:0059.ogg,Арканайн,https://pokemon.fandom.com/ru/wiki/%D0%90%D1%80%D0%BA%D0%B0%D0%BD%D0%B0%D0%B9%D0%BD,,,,,,,,,,,,,
アルセウス / Aruseusu,Нормальный,Alpha,Multitype,Шеймин← 0493 →Виктини,—,—,—,—,—,—,—,—,,,,Бесполое,3.2 м.320.0 кг.,,,http://pokemon.wikia.com/wiki/File:0493.ogg,Аркеус,https://pokemon.fandom.com/ru/wiki/%D0%90%D1%80%D0%BA%D0%B5%D1%83%D1%81,,,,,,,,,,,,,
Segohru,,,Thermal ExchangeCacophonyCacophonyIce Body(скрытая способность)Cacophony(скрытая способность)CacophonyCacophony,Фриджибакс← 0997 →Бакскалибур,,,,,,,,,,,,,0.8 м30.0 кг,,,,Арктибакс,https://pokemon.fandom.com/ru/wiki/%D0%90%D1%80%D0%BA%D1%82%D0%B8%D0%B1%D0%B0%D0%BA%D1%81,,,25(7.7%)Медленная,Всего: 2Arctibax:0ОЗ2Атк0Зщт0Сп.Атк0Сп.Зщт0Скор.0ОЗ0Атк0Зщт0Сп.Атк0Сп.Зщт0Скор.0ОЗ0Атк0Зщт0Сп.Атк0Сп.Зщт0Скор.0ОЗ0Атк0Зщт0Сп.Атк0Сп.Зщт0Скор.,50%/50%,,50НеизвестноGen. IVНеизвестноIV148,,СинийФайл:0997.ogg,,Dragon/Mineral40циклов,Драконий/Ледяной,
ウオチルドン / Uochirudon,Водный/Ледяной,Fossil,Water AbsorbStrong JawSlush Rush(dw),Драковиш← 0883 →Дюралюдон,—,—,—,—,—,—,—,—,,,,Бесполое,2.0 м.175.0 кг.,Undiscovered,,Файл:F0883.pngФайл:0883.ogg,Арктовиш,https://pokemon.fandom.com/ru/wiki/%D0%90%D1%80%D0%BA%D1%82%D0%BE%D0%B2%D0%B8%D1%88,,,,,,,,,,,,,
パッチルドン / Patchirudon,Электрический/Ледяной,Fossil,Volt AbsorbHustleSlush Rush(dw),Дракозолт← 0881 →Драковиш,—,—,—,—,—,—,—,—,,,,Бесполое,2.3 м.150.0 кг.,Undiscovered,,Файл:F0881.pngФайл:0881.ogg,Арктозолт,https://pokemon.fandom.com/ru/wiki/%D0%90%D1%80%D0%BA%D1%82%D0%BE%D0%B7%D0%BE%D0%BB%D1%82,,,,,,,,,,,,,
アーマルド / Aamarudo,Каменный/Насекомый,Plate,Battle ArmorSwift Swim(dw),Анорит← 0348 →Фибас,—,—,—,—,—,—,—,—,,,,87.5%/12.5 %,1.5 м.68.2 кг.,Water 3,,http://pokemon.wikia.com/wiki/File:0348.ogg,Армальдо,https://pokemon.fandom.com/ru/wiki/%D0%90%D1%80%D0%BC%D0%B0%D0%BB%D1%8C%D0%B4%D0%BE,,,,,,,,,,,,,
Gurenarma,,,Flash FireCacophonyCacophonyWeak Armor(скрытая способность)Cacophony(скрытая способность)CacophonyCacophony,Чаркадет← 0936 →Серуледж,,,,,,,,,,,,,1.5 м85.0 кг,,,,Армаруж,https://pokemon.fandom.com/ru/wiki/%D0%90%D1%80%D0%BC%D0%B0%D1%80%D1%83%D0%B6,,,25(7.7%)Медленная,Всего: 2Armarouge:0ОЗ0Атк0Зщт2Сп.Атк0Сп.Зщт0Скор.0ОЗ0Атк0Зщт0Сп.Атк0Сп.Зщт0Скор.0ОЗ0Атк0Зщт0Сп.Атк0Сп.Зщт0Скор.0ОЗ0Атк0Зщт0Сп.Атк0Сп.Зщт0Скор.,50%/50%,Human-Like35циклов,20НеизвестноGen. IVНеизвестноIV263,,КрасныйФайл:0936.ogg,,,Огненный/Психический,
フレフワン / Furefuwan,Волшебный,Fragrance,HealerAroma Veil(dw),Спритци← 0683 →Свирликс,—,—,—,—,—,—,—,—,,,,50%/50 %,0.8 м.15.5 кг.,Fairy,,http://pokemon.wikia.com/wiki/File:0683.ogg,Ароматисс,https://pokemon.fandom.com/ru/wiki/%D0%90%D1%80%D0%BE%D0%BC%D0%B0%D1%82%D0%B8%D1%81%D1%81,,,,,,,,,,,,,
ココドラ / Kokodora,Стальной/Каменный,Iron Armor,SturdyRock HeadHeavy Metal(dw),Мавайл← 0304 →Лайрон,—,—,—,—,—,—,—,—,,,,50%/50 %,0.4 м.60.0 кг.,Monster,,http://pokemon.wikia.com/wiki/File:0304.ogg,Арон,https://pokemon.fandom.com/ru/wiki/%D0%90%D1%80%D0%BE%D0%BD,,,,,,,,,,,,,
サシカマス / Sashikamasu,Водный,Rush,Swift SwimPropeller Tail(dw),Краморант← 0846 →Барраскуда,—,—,—,—,—,—,—,—,,,,50%/50 %,0.5 м.1.0 кг.,Water 2,,Файл:F0846.pngФайл:0846.ogg,Аррокуда,https://pokemon.fandom.com/ru/wiki/%D0%90%D1%80%D1%80%D0%BE%D0%BA%D1%83%D0%B4%D0%B0,,,,,,,,,,,,,
フリーザー / Furiizaa,Ледяной/Летающий,Freeze,PressureSnow Cloak(dw),Снорлакс← 0144 →Запдос,0144,—,—,—,—,—,—,—,,,,Бесполое,1.7 м.55.4 кг.,,,http://pokemon.wikia.com/wiki/File:0144.ogg,Артикуно,https://pokemon.fandom.com/ru/wiki/%D0%90%D1%80%D1%82%D0%B8%D0%BA%D1%83%D0%BD%D0%BE,,,,,,,,,,,,,
Briduras,,,Stamina/SturdyCacophonyCacophonyStalwart(скрытая способность)Cacophony(скрытая способность)CacophonyCacophony,Огерпон← 1018 →Гидрэпл,,,,,,,,,,,,,2.0 м60.0 кг,,,,Архалудон,https://pokemon.fandom.com/ru/wiki/%D0%90%D1%80%D1%85%D0%B0%D0%BB%D1%83%D0%B4%D0%BE%D0%BD,,,10(3.9%)Средне-быстрая,Всего: 3Archaludon:0ОЗ0Атк3Зщт0Сп.Атк0Сп.Зщт0Скор.0ОЗ0Атк0Зщт0Сп.Атк0Сп.Зщт0Скор.0ОЗ0Атк0Зщт0Сп.Атк0Сп.Зщт0Скор.0ОЗ0Атк0Зщт0Сп.Атк0Сп.Зщт0Скор.,50%/50%,,50НеизвестноGen. IVНеизвестноIV300,,БелыйФайл:1018.ogg,,Mineral/Dragon30циклов,Стальной/Драконий,
アーケオス / Aakeosu,Каменный/Летающий,First Bird,Defeatist,Арчен← 0567 →Траббиш,—,—,—,—,—,—,—,—,,,,87.5%/12.5 %,1.4 м.32.0 кг.,FlyingWater 3,,http://pokemon.wikia.com/wiki/File:0567.ogg,Археопс,https://pokemon.fandom.com/ru/wiki/%D0%90%D1%80%D1%85%D0%B5%D0%BE%D0%BF%D1%81,,,,,,,,,,,,,
アーケン / Aaken,Каменный/Летающий,First Bird,Defeatist,Карракоста← 0566 →Археопс,—,—,—,—,—,—,—,—,,,,87.5%/12.5 %,0.5 м.9.5 кг.,FlyingWater 3,,http://pokemon.wikia.com/wiki/File:0566.ogg,Арчен,https://pokemon.fandom.com/ru/wiki/%D0%90%D1%80%D1%87%D0%B5%D0%BD,,,,,,,,,,,,,
タブンネ / Tabunne,Нормальный,Слушающий покемон,ЦелительРегенерация,Экскадрилл← 0531 →Тимбурр,—,—,—,—,037,123,—,—,,,,50%/50 %,1.1 м31 кг,Волшебные,,http://pokemon.wikia.com/wiki/File:0531.ogg,Аудино,https://pokemon.fandom.com/ru/wiki/%D0%90%D1%83%D0%B4%D0%B8%D0%BD%D0%BE,,,,,,,,,,,,,
プテラ / Putera,Каменный/Летающий,Fossil,Rock HeadPressureUnnerve(dw),Кабутопс← 0142 →Снорлакс,0142,—,—,—,—,—,—,—,,,,87.5%/12.5 %,1.8 м.59.0 кг.,Flying,,http://pokemon.wikia.com/wiki/File:0142.ogg,Аэродактиль,https://pokemon.fandom.com/ru/wiki/%D0%90%D1%8D%D1%80%D0%BE%D0%B4%D0%B0%D0%BA%D1%82%D0%B8%D0%BB%D1%8C,,,,,,,,,,,,,
スボミー / Subomii,Травяной/Ядовитый,Bud,Natural CurePoison PointLeaf Guard(dw),Лаксрэй← 0406 →Роузрэйд,—,—,—,—,—,—,—,—,,,,50%/50 %,0.2 м.1.2 кг.,,,http://pokemon.wikia.com/wiki/File:0406.ogg,Бадью,https://pokemon.fandom.com/ru/wiki/%D0%91%D0%B0%D0%B4%D1%8C%D1%8E,,,,,,,,,,,,,
マッシブーン / Masshibuun,Насекомый/Боевой,Swollen,Beast Boost,Нихилего← 0794 →Феромоса,—,—,—,—,—,—,—,—,,,,Бесполое,2.4 м.333.6 кг.,Undiscovered,,Файл:F0794.pngФайл:0794.ogg,Баззвол,https://pokemon.fandom.com/ru/wiki/%D0%91%D0%B0%D0%B7%D0%B7%D0%B2%D0%BE%D0%BB,,,,,,,,,,,,,
カメテテ / Kametete,Каменный/Водный,Two-Handed,Tough ClawsSniperPickpocket(dw),Маламар← 0688 →Барбаракл,—,—,—,—,—,—,—,—,,,,50%/50 %,0.5 м.31.0 кг.,Water 3,,http://pokemon.wikia.com/wiki/File:0688.ogg,Байнакл,https://pokemon.fandom.com/ru/wiki/%D0%91%D0%B0%D0%B9%D0%BD%D0%B0%D0%BA%D0%BB,,,,,,,,,,,,,
Seglaive,,,Thermal ExchangeCacophonyCacophonyIce Body(скрытая способность)Cacophony(скрытая способность)CacophonyCacophony,Арктибакс← 0998 →Гиммигул,,,,,,,,,,,,,2.1 м210.0 кг,,,,Бакскалибур,https://pokemon.fandom.com/ru/wiki/%D0%91%D0%B0%D0%BA%D1%81%D0%BA%D0%B0%D0%BB%D0%B8%D0%B1%D1%83%D1%80,,,10(3.9%)Медленная,Всего: 3Baxcalibur:0ОЗ3Атк0Зщт0Сп.Атк0Сп.Зщт0Скор.0ОЗ0Атк0Зщт0Сп.Атк0Сп.Зщт0Скор.0ОЗ0Атк0Зщт0Сп.Атк0Сп.Зщт0Скор.0ОЗ0Атк0Зщт0Сп.Атк0Сп.Зщт0Скор.,50%/50%,,50НеизвестноGen. IVНеизвестноIV300,,СинийФайл:0998.ogg,,Dragon/Mineral40циклов,Драконий/Ледяной,
ヤジロン / Yajiron,Земляной/Психический,Clay Doll,Levitate,Кродант← 0343 →Клэйдол,—,—,—,—,—,—,—,—,,,,Бесполое,0.5 м.21.5 кг.,Mineral,,http://pokemon.wikia.com/wiki/File:0343.ogg,Балтой,https://pokemon.fandom.com/ru/wiki/%D0%91%D0%B0%D0%BB%D1%82%D0%BE%D0%B9,,,,,,,,,,,,,
ジュペッタ / Jupetta,Призрачный,Marionette,InsomniaFriskCursed Body(dw),Шаппет← 0354 →Даскалл,—,—,—,—,—,—,—,—,,,,50%/50 %,1.1 м.12.5 кг.,Amorphous,,http://pokemon.wikia.com/wiki/File:0354.ogg,Банетт,https://pokemon.fandom.com/ru/wiki/%D0%91%D0%B0%D0%BD%D0%B5%D1%82%D1%82,,,,,,,,,,,,,
Mimirol,,,Run Away/KlutzCacophonyCacophonyLimber(скрытая способность)Cacophony(скрытая способность)CacophonyCacophony,Дрифблим← 0427 →Лопанни,,,,,,,,,,,,,0.4 м5.5 кг,,,,Банири,https://pokemon.fandom.com/ru/wiki/%D0%91%D0%B0%D0%BD%D0%B8%D1%80%D0%B8,,Нормальный,190(35.2%)Средне-быстрая,Всего: 1Buneary:0ОЗ0Атк0Зщт0Сп.Атк0Сп.Зщт1Скор.0ОЗ0Атк0Зщт0Сп.Атк0Сп.Зщт0Скор.0ОЗ0Атк0Зщт0Сп.Атк0Сп.Зщт0Скор.0ОЗ0Атк0Зщт0Сп.Атк0Сп.Зщт0Скор.,50%/50%,,084Gen. IVНеизвестноIV70V+,,Коричневыйhttp://pokemon.wikia.com/wiki/File:0427.ogg,,Field/Human-Like20циклов,,
ホルビー / Horubii,Нормальный,Digging,PickupCheek PouchHuge Power(dw),Грениндзя← 0659 →Диггерсби,—,—,—,—,—,—,—,—,,,,50%/50 %,0.4 м.5.0 кг.,Field,,http://pokemon.wikia.com/wiki/File:0659.ogg,Баннелби,https://pokemon.fandom.com/ru/wiki/%D0%91%D0%B0%D0%BD%D0%BD%D0%B5%D0%BB%D0%B1%D0%B8,,,,,,,,,,,,,
ガメノデス / Gamenodesu,Каменный/Водный,Collective,Tough ClawsSniperPickpocket(dw),Байнакл← 0689 →Скрелп,—,—,—,—,—,—,—,—,,,,50%/50 %,1.3 м.96.0 кг.,Water 3,,http://pokemon.wikia.com/wiki/File:0689.ogg,Барбаракл,https://pokemon.fandom.com/ru/wiki/%D0%91%D0%B0%D1%80%D0%B1%D0%B0%D1%80%D0%B0%D0%BA%D0%BB,,,,,,,,,,,,,
ドジョッチ / Dojotchi,Водный/Земляной,Whiskers,ObliviousAnticipationHydration(dw),Солрок← 0339 →Вискаш,—,—,—,—,—,—,—,—,,,,50%/50 %,0.4 м.1.9 кг.,Water 2,,http://pokemon.wikia.com/wiki/File:0339.ogg,Барбоач,https://pokemon.fandom.com/ru/wiki/%D0%91%D0%B0%D1%80%D0%B1%D0%BE%D0%B0%D1%87,,,,,,,,,,,,,
カマスジョー / Kamasujoo,Водный,Skewer,Swift SwimPropeller Tail(dw),Аррокуда← 0847 →Токсел,—,—,—,—,—,—,—,—,,,,50%/50 %,1.3 м.30 кг.,Water 2,,Файл:F0847.pngФайл:0847.ogg,Барраскуда,https://pokemon.fandom.com/ru/wiki/%D0%91%D0%B0%D1%80%D1%80%D0%B0%D1%81%D0%BA%D1%83%D0%B4%D0%B0,,,,,,,,,,,,,
イダイトウ / Idaitou,Водный/Призрачный,Big Fish,Rattled/AdaptabilityMold Breaker(dw),Урсалуна← 902A →Снизлер,—,—,—,—,—,—,—,—,,,,50%/50 %,3.0 м.110.0 кг.,Water 2,,Файл:F0902.pngФайл:902A.ogg,Баскулиджен,https://pokemon.fandom.com/ru/wiki/%D0%91%D0%B0%D1%81%D0%BA%D1%83%D0%BB%D0%B8%D0%B4%D0%B6%D0%B5%D0%BD,,,,,,,,,,,,,
バスラオ / Basurao,Водный,Hostile,RecklessAdaptabilityMold Breaker(dw),Лиллигант← 550A →Сэндил,—,—,—,—,—,—,—,—,,,,50%/50 %,1.0 м.18.0 кг.,Water 2,,Файл:550A.ogg,Баскулин,https://pokemon.fandom.com/ru/wiki/%D0%91%D0%B0%D1%81%D0%BA%D1%83%D0%BB%D0%B8%D0%BD,,,,,,,,,,,,,
トリデプス / Toridepusu,Каменный/Стальной,Shield,SturdySoundproof(dw),Шиелдон← 0411 →Бурми,—,—,—,—,—,—,—,—,,,,87.5%/12.5 %,1.3 м.149.5 кг.,Monster,,http://pokemon.wikia.com/wiki/File:0411.ogg,Бастиодон,https://pokemon.fandom.com/ru/wiki/%D0%91%D0%B0%D1%81%D1%82%D0%B8%D0%BE%D0%B4%D0%BE%D0%BD,,,,,,,,,,,,,
Butterfree,,,Compound EyesCacophonyGigantamax ButterfreeCacophonyTinted Lens(скрытая способность)Cacophony(скрытая способность)CacophonyGigantamax ButterfreeCacophony,Метапод← 0012 →Видл,,,,,,,,,,,,,1.1 м32.0 кг,,,,Баттерфри,https://pokemon.fandom.com/ru/wiki/%D0%91%D0%B0%D1%82%D1%82%D0%B5%D1%80%D1%84%D1%80%D0%B8,,,45(11.9%)Средне-быстрая,Всего: 3Butterfree:0ОЗ0Атк0Зщт2Сп.Атк1Сп.Зщт0Скор.Gigantamax Butterfree:0ОЗ0Атк0Зщт0Сп.Атк0Сп.Зщт0Скор.0ОЗ0Атк0Зщт0Сп.Атк0Сп.Зщт0Скор.0ОЗ0Атк0Зщт0Сп.Атк0Сп.Зщт0Скор.,50%/50%,Bug15циклов,70160Gen. I-IVНеизвестноIV178V+,,Белыйhttp://pokemon.wikia.com/wiki/File:0012.ogg,Gigantamax Butterfree,,Насекомый/Летающий,
アマカジ / Amakaji,Травяной,Fruit,Leaf GuardObliviousSweet Veil(dw),Бевеар← 0761 →Стини,—,—,—,—,—,—,—,—,,,,0%/100 %,0.3 м.3.2 кг.,Grass,,Файл:F0761.pngФайл:0761.ogg,Баунсвит,https://pokemon.fandom.com/ru/wiki/%D0%91%D0%B0%D1%83%D0%BD%D1%81%D0%B2%D0%B8%D1%82,,,,,,,,,,,,,
キテルグマ / Kiteruguma,Нормальный/Боевой,Strong Arm,FluffyKlutzUnnerve(dw),Стаффул← 0760 →Баунсвит,—,—,—,—,—,—,—,—,,,,50%/50 %,2.1 м.135.0 кг.,Field,,Файл:F0760.pngФайл:0760.ogg,Бевеар,https://pokemon.fandom.com/ru/wiki/%D0%91%D0%B5%D0%B2%D0%B5%D0%B0%D1%80,,,,,,,,,,,,,
ベイリーフ Бэйри:фу / Bayleef,Травяной,Покемон-лист,ЗарастаниеЛиственный щит(dw),Чикорита← 0153 →Меганиум,—,—,—,—,—,—,—,—,,,,87.5%/12.5 %,1.2 м15.8 кг,MonsterGrass,,http://pokemon.wikia.com/wiki/File:0153.ogg,Бейлиф,https://pokemon.fandom.com/ru/wiki/%D0%91%D0%B5%D0%B9%D0%BB%D0%B8%D1%84,,,,,,,,,,,,,
ダンバル / Danbaru,Стальной/Психический,Iron Ball,Clear BodyLight Metal(dw),Саламенс← 0374 →Метанг,—,—,—,—,—,—,—,—,,,,Бесполое,0.6 м.95.2 кг.,Mineral,,http://pokemon.wikia.com/wiki/File:0374.ogg,Белдум,https://pokemon.fandom.com/ru/wiki/%D0%91%D0%B5%D0%BB%D0%B4%D1%83%D0%BC,,,,,,,,,,,,,
Harabarie,,,Electromorphosis/StaticCacophonyCacophonyDamp(скрытая способность)Cacophony(скрытая способность)CacophonyCacophony,Тадбалб← 0939 →Ваттрел,,,,,,,,,,,,,1.2 м113.0 кг,,,,Беллиболт,https://pokemon.fandom.com/ru/wiki/%D0%91%D0%B5%D0%BB%D0%BB%D0%B8%D0%B1%D0%BE%D0%BB%D1%82,,Электрический,50(12.9%)Средне-быстрая,Всего: 2Bellibolt:2ОЗ0Атк0Зщт0Сп.Атк0Сп.Зщт0Скор.0ОЗ0Атк0Зщт0Сп.Атк0Сп.Зщт0Скор.0ОЗ0Атк0Зщт0Сп.Атк0Сп.Зщт0Скор.0ОЗ0Атк0Зщт0Сп.Атк0Сп.Зщт0Скор.,50%/50%,Water 120циклов,50НеизвестноGen. IVНеизвестноIV173,,ЗелёныйФайл:0939.ogg,,,,
Kireihana,,,ChlorophyllCacophonyCacophonyHealer(скрытая способность)Cacophony(скрытая способность)CacophonyCacophony,Амфарос← 0182 →Мэрилл,,,,,,,,,,,,,0.4 м5.8 кг,,,,Беллоссом,https://pokemon.fandom.com/ru/wiki/%D0%91%D0%B5%D0%BB%D0%BB%D0%BE%D1%81%D1%81%D0%BE%D0%BC,,Травяной,45(11.9%)Средне-медленная,Всего: 3Bellossom:0ОЗ0Атк0Зщт0Сп.Атк3Сп.Зщт0Скор.0ОЗ0Атк0Зщт0Сп.Атк0Сп.Зщт0Скор.0ОЗ0Атк0Зщт0Сп.Атк0Сп.Зщт0Скор.0ОЗ0Атк0Зщт0Сп.Атк0Сп.Зщт0Скор.,50%/50%,Grass20циклов,70184Gen. II-IVНеизвестноIV221V+,,Зелёныйhttp://pokemon.wikia.com/wiki/File:0182.ogg,,,,
マダツボミ / Madatsubomi,Травяной/Ядовитый,Flower,ChlorophyllGluttony(dw),Мачамп← 0069 →Випинбелл,0069,—,—,—,—,—,—,—,,,,50%/50 %,0.7 м.4.0 кг.,Grass,,http://pokemon.wikia.com/wiki/File:0069.ogg,Беллспраут,https://pokemon.fandom.com/ru/wiki/%D0%91%D0%B5%D0%BB%D0%BB%D1%81%D0%BF%D1%80%D0%B0%D1%83%D1%82,,,,,,,,,,,,,
カチコール / Kachikooru,Ледяной,Ледяной Chunk,Own TempoIce BodySturdy(dw),Горгайст← 0712 →Авалугг,—,—,—,—,—,—,—,—,,,,50%/50 %,1.0 м.99.5 кг.,MonsterMineral,,http://pokemon.wikia.com/wiki/File:0712.ogg,Бергмайт,https://pokemon.fandom.com/ru/wiki/%D0%91%D0%B5%D1%80%D0%B3%D0%BC%D0%B0%D0%B9%D1%82,,,,,,,,,,,,,
ツンベアー / Tsunbeaa,Ледяной,Freezing,Snow CloakSlush RushSwift Swim(dw),Кабчу← 0614 →Криогонал,—,—,—,—,—,—,—,—,,,,50%/50 %,2.6 м.260.0 кг.,Field,,http://pokemon.wikia.com/wiki/File:0614.ogg,Бертик,https://pokemon.fandom.com/ru/wiki/%D0%91%D0%B5%D1%80%D1%82%D0%B8%D0%BA,,,,,,,,,,,,,
ビーダル / Biidaru,Нормальный/Водный,Beaver,SimpleUnawareMoody(dw),Бидуф← 0400 →Крикетот,—,—,—,—,—,—,—,—,,,,50%/50 %,1.0 м.31.5 кг.,Water 1Field,,http://pokemon.wikia.com/wiki/File:0400.ogg,Бибарел,https://pokemon.fandom.com/ru/wiki/%D0%91%D0%B8%D0%B1%D0%B0%D1%80%D0%B5%D0%BB,,,,,,,,,,,,,
Spear,,,SwarmBeedrillCacophonyMega BeedrillCacophonySniper(скрытая способность)Cacophony(скрытая способность)AdaptabilityMega BeedrillCacophony,Какуна← 0015 →Пиджи,,,,,,,,,,,,,1.0 м29.5 кг,,,,Бидрилл,https://pokemon.fandom.com/ru/wiki/%D0%91%D0%B8%D0%B4%D1%80%D0%B8%D0%BB%D0%BB,,,45(11.9%)Средне-быстрая,Всего: 3Beedrill:0ОЗ2Атк0Зщт0Сп.Атк1Сп.Зщт0Скор.Mega Beedrill:0ОЗ0Атк0Зщт0Сп.Атк0Сп.Зщт0Скор.0ОЗ0Атк0Зщт0Сп.Атк0Сп.Зщт0Скор.0ОЗ0Атк0Зщт0Сп.Атк0Сп.Зщт0Скор.,50%/50%,Bug15циклов,70159Gen. I-IVНеизвестноIV178V+,,Жёлтыйhttp://pokemon.wikia.com/wiki/File:0015.ogg,Mega Beedrill,,Насекомый/Ядовитый,
ビッパ / Bippa,Нормальный,Plump Mouse,SimpleUnawareMoody(dw),Стараптор← 0399 →Бибарел,—,—,—,—,—,—,—,—,,,,50%/50 %,0.5 м.20.0 кг.,Water 1Field,,http://pokemon.wikia.com/wiki/File:0399.ogg,Бидуф,https://pokemon.fandom.com/ru/wiki/%D0%91%D0%B8%D0%B4%D1%83%D1%84,,,,,,,,,,,,,
オーベム / Ōbemu,Психический,Cerebral,TelepathySynchronizeAnalytic(dw),Элгием← 0606 →Литвик,—,—,—,—,—,—,—,—,,,,50%/50 %,1.0 м.34.5 кг.,Human-Like,,http://pokemon.wikia.com/wiki/File:0606.ogg,Бихием,https://pokemon.fandom.com/ru/wiki/%D0%91%D0%B8%D1%85%D0%B8%D0%B5%D0%BC,,,,,,,,,,,,,
キリキザン / Kirikizan,Тёмный/Стальной,Sword Blade,DefiantInner FocusPressure(dw),Поньярд← 0625 →Буффалант,—,—,—,—,—,—,—,—,,,,50%/50 %,1.6 м.70.0 кг.,Human-Like,,http://pokemon.wikia.com/wiki/File:0625.ogg,Бишарп,https://pokemon.fandom.com/ru/wiki/%D0%91%D0%B8%D1%88%D0%B0%D1%80%D0%BF,,,,,,,,,,,,,
ズガドーン / Zugadoon,Огненный/Призрачный,Огненныйworks,Beast Boost,Стакатака← 0806 →Зераора,—,—,—,—,—,—,—,—,,,,Бесполое,1.8 м.130.2 кг.,Undiscovered,,Файл:F0806.pngФайл:0806.ogg,Бласефалон,https://pokemon.fandom.com/ru/wiki/%D0%91%D0%BB%D0%B0%D1%81%D0%B5%D1%84%D0%B0%D0%BB%D0%BE%D0%BD,,,,,,,,,,,,,
Kamex,,,TorrentBlastoiseCacophonyMega BlastoiseCacophonyGigantamax BlastoiseRain Dish(скрытая способность)Cacophony(скрытая способность)Mega LauncherMega BlastoiseCacophonyGigantamax Blastoise,Вартортл← 0009 →Катерпи,,,,,,,,,,,,,1.6 м85.5 кг,,,,Бластойз,https://pokemon.fandom.com/ru/wiki/%D0%91%D0%BB%D0%B0%D1%81%D1%82%D0%BE%D0%B9%D0%B7,,Водный,45(11.9%)Средне-медленная,Всего: 3Blastoise:0ОЗ0Атк0Зщт0Сп.Атк3Сп.Зщт0Скор.Mega Blastoise:0ОЗ0Атк0Зщт0Сп.Атк0Сп.Зщт0Скор.Gigantamax Blastoise:0ОЗ0Атк0Зщт0Сп.Атк0Сп.Зщт0Скор.0ОЗ0Атк0Зщт0Сп.Атк0Сп.Зщт0Скор.,87.5%/12.5%,,70210Gen. I-IVНеизвестноIV239V+,,Синийhttp://pokemon.wikia.com/wiki/File:0009.ogg,Mega BlastoiseGigantamax Blastoise,Monster/Water 120циклов,,
サッチムシ / Satchimushi,Насекомый,Larva,SwarmCompound EyesTelepathy(dw),Корвинайт← 0824 →Доттлер,—,—,—,—,—,—,—,—,,,,50%/50 %,0.4 м.8.0 кг.,Bug,,Файл:F0824.pngФайл:0824.ogg,Блипбаг,https://pokemon.fandom.com/ru/wiki/%D0%91%D0%BB%D0%B8%D0%BF%D0%B1%D0%B0%D0%B3,,,,,,,,,,,,,
ハピナス / Happinas,Нормальный,Happiness,Natural CureSerene GraceHealer(dw),Милтанк← 0242 →Райкоу,—,—,—,—,—,—,—,—,,,,0%/100 %,1.5 м.46.8 кг.,Fairy,,http://pokemon.wikia.com/wiki/File:0242.ogg,Блисси,https://pokemon.fandom.com/ru/wiki/%D0%91%D0%BB%D0%B8%D1%81%D1%81%D0%B8,,,,,,,,,,,,,
シママ / Shimama,Электрический,Electrified,Lightning RodMotor DriveSap Sipper(dw),Анфезант← 0522 →Зебстрайка,—,—,—,—,—,—,—,—,,,,50%/50 %,0.8 м.29.8 кг.,Field,,http://pokemon.wikia.com/wiki/File:0522.ogg,Блитзл,https://pokemon.fandom.com/ru/wiki/%D0%91%D0%BB%D0%B8%D1%82%D0%B7%D0%BB,,,,,,,,,,,,,
Uneruminamo,,,,Мирайдон← 1009 →Железная Листва,,,,,,,,,,,,,3.5 м280.0 кг,,,,Блуждающая Волна,https://pokemon.fandom.com/ru/wiki/%D0%91%D0%BB%D1%83%D0%B6%D0%B4%D0%B0%D1%8E%D1%89%D0%B0%D1%8F_%D0%92%D0%BE%D0%BB%D0%BD%D0%B0,,,5(2.3%)Медленная,Всего: 3Walking Wake:0ОЗ0Атк0Зщт3Сп.Атк0Сп.Зщт0Скор.0ОЗ0Атк0Зщт0Сп.Атк0Сп.Зщт0Скор.0ОЗ0Атк0Зщт0Сп.Атк0Сп.Зщт0Скор.0ОЗ0Атк0Зщт0Сп.Атк0Сп.Зщт0Скор.,,No Eggs Discovered50цикловЯйцо невозможно получить,0НеизвестноGen. IVНеизвестноIV295,,СинийФайл:1009.ogg,,,Водный/Драконий,ProtosynthesisCacophonyCacophony(скрытая способность)Cacophony(скрытая способность)CacophonyCacophony
バシャーモ / Bashaamo,Огненный/Боевой,Blaze,BlazeSpeed Boost(dw),Комбаскен← 0257 →Мадкип,—,—,—,—,—,—,—,—,,,,87.5%/12.5 %,1.9 м.52.0 кг.,Field,,http://pokemon.wikia.com/wiki/File:0257.ogg,Блэйзикен,https://pokemon.fandom.com/ru/wiki/%D0%91%D0%BB%D1%8D%D0%B9%D0%B7%D0%B8%D0%BA%D0%B5%D0%BD,,,,,,,,,,,,,
ガントル / Gantoru,Каменный,Ore,SturdyWeak ArmorSand Force(dw),Роггенрола← 0525 →Гигалит,—,—,—,—,—,—,—,—,,,,50%/50 %,0.9 м.102.0 кг.,Mineral,,http://pokemon.wikia.com/wiki/File:0525.ogg,Болдор,https://pokemon.fandom.com/ru/wiki/%D0%91%D0%BE%D0%BB%D0%B4%D0%BE%D1%80,,,,,,,,,,,,,
パルスワン / Parusuwan,Электрический,Dog,Strong JawCompetitive(dw),Ямпер← 0836 →Роликоли,—,—,—,—,—,—,—,—,,,,50%/50 %,1.0 м.34.0 кг.,Field,,Файл:F0836.pngФайл:0836.ogg,Болтанд,https://pokemon.fandom.com/ru/wiki/%D0%91%D0%BE%D0%BB%D1%82%D0%B0%D0%BD%D0%B4,,,,,,,,,,,,,
Otoshidori,,,Big Pecks/Keen EyeCacophonyCacophonyRocky Payload(скрытая способность)Cacophony(скрытая способность)CacophonyCacophony,Вагтрио← 0962 →Финизен,,,,,,,,,,,,,1.5 м42.9 кг,,,,Бомбёрдир,https://pokemon.fandom.com/ru/wiki/%D0%91%D0%BE%D0%BC%D0%B1%D1%91%D1%80%D0%B4%D0%B8%D1%80,,,25(7.7%)Медленная,Всего: 2Bombirdier:0ОЗ2Атк0Зщт0Сп.Атк0Сп.Зщт0Скор.0ОЗ0Атк0Зщт0Сп.Атк0Сп.Зщт0Скор.0ОЗ0Атк0Зщт0Сп.Атк0Сп.Зщт0Скор.0ОЗ0Атк0Зщт0Сп.Атк0Сп.Зщт0Скор.,50%/50%,Flying35циклов,50НеизвестноGen. IVНеизвестноIV243,,БелыйФайл:0962.ogg,,,Летающий/Тёмный,
ウソハチ / Usohachi,Каменный,Bonsai,SturdyRock HeadRattled(dw),Бронзонг← 0438 →Майм Джуниор,—,—,—,—,—,—,—,—,,,,50%/50 %,0.5 м.15.0 кг.,,,http://pokemon.wikia.com/wiki/File:0438.ogg,Бонслай,https://pokemon.fandom.com/ru/wiki/%D0%91%D0%BE%D0%BD%D1%81%D0%BB%D0%B0%D0%B9,,,,,,,,,,,,,
ハギギシリ / Hagigishiri,Водный/Психический,Gnash Teeth,DazzlingStrong JawWonder Skin(dw),Мимикью← 0779 →Дрампа,—,—,—,—,—,—,—,—,,,,50%/50 %,0.9 м.19.0 кг.,Water 2,,Файл:F0779.pngФайл:0779.ogg,Браксиш,https://pokemon.fandom.com/ru/wiki/%D0%91%D1%80%D0%B0%D0%BA%D1%81%D0%B8%D1%88,,,,,,,,,,,,,
Anohoragusa,,,Wind RiderCacophonyCacophonyInfiltrator(скрытая способность)Cacophony(скрытая способность)CacophonyCacophony,Брамблин← 0947 →Тодскул,,,,,,,,,,,,,1.2 м6.0 кг,,,,Брамблгаст,https://pokemon.fandom.com/ru/wiki/%D0%91%D1%80%D0%B0%D0%BC%D0%B1%D0%BB%D0%B3%D0%B0%D1%81%D1%82,,,45(11.9%)Средне-быстрая,Всего: 2Brambleghast:0ОЗ2Атк0Зщт0Сп.Атк0Сп.Зщт0Скор.0ОЗ0Атк0Зщт0Сп.Атк0Сп.Зщт0Скор.0ОЗ0Атк0Зщт0Сп.Атк0Сп.Зщт0Скор.0ОЗ0Атк0Зщт0Сп.Атк0Сп.Зщт0Скор.,50%/50%,Grass20циклов,50НеизвестноGen. IVНеизвестноIV168,,КоричневыйФайл:0947.ogg,,,Травяной/Призрачный,
Anokusa,,,Wind RiderCacophonyCacophonyInfiltrator(скрытая способность)Cacophony(скрытая способность)CacophonyCacophony,Графайай← 0946 →Брамблгаст,,,,,,,,,,,,,0.6 м0.6 кг,,,,Брамблин,https://pokemon.fandom.com/ru/wiki/%D0%91%D1%80%D0%B0%D0%BC%D0%B1%D0%BB%D0%B8%D0%BD,,,190(35.2%)Средне-быстрая,Всего: 1Bramblin:0ОЗ1Атк0Зщт0Сп.Атк0Сп.Зщт0Скор.0ОЗ0Атк0Зщт0Сп.Атк0Сп.Зщт0Скор.0ОЗ0Атк0Зщт0Сп.Атк0Сп.Зщт0Скор.0ОЗ0Атк0Зщт0Сп.Атк0Сп.Зщт0Скор.,50%/50%,Grass20циклов,50НеизвестноGen. IVНеизвестноIV55,,КоричневыйФайл:0946.ogg,,,Травяной/Призрачный,
テールナー / Teerunaa,Огненный,Fox,BlazeMagician(dw),Феннекин← 0654 →Делфокс,—,—,—,—,—,—,—,—,,,,87.5%/12.5 %,1.0 м.14.5 кг.,Field,,http://pokemon.wikia.com/wiki/File:0654.ogg,Брейксен,https://pokemon.fandom.com/ru/wiki/%D0%91%D1%80%D0%B5%D0%B9%D0%BA%D1%81%D0%B5%D0%BD,,,,,,,,,,,,,
キノガッサ / Kinogassa,Травяной/Боевой,Mushroom,Effect SporePoison HealTechnician(dw),Шрумиш← 0286 →Слакот,—,—,—,—,—,—,—,—,,,,50%/50 %,1.2 м.36.4 кг.,FairyGrass,,http://pokemon.wikia.com/wiki/File:0286.ogg,Брелум,https://pokemon.fandom.com/ru/wiki/%D0%91%D1%80%D0%B5%D0%BB%D1%83%D0%BC,,,,,,,,,,,,,
Osyamari,,,TorrentCacophonyCacophonyLiquid Voice(скрытая способность)Cacophony(скрытая способность)CacophonyCacophony,Попплио← 0729 →Примарина,,,,,,,,,,,,,0.6 м17.5 кг,,,,Брионн,https://pokemon.fandom.com/ru/wiki/%D0%91%D1%80%D0%B8%D0%BE%D0%BD%D0%BD,,Водный,45(11.9%)Средне-медленная,Всего: 2Brionne:0ОЗ0Атк0Зщт2Сп.Атк0Сп.Зщт0Скор.0ОЗ0Атк0Зщт0Сп.Атк0Сп.Зщт0Скор.0ОЗ0Атк0Зщт0Сп.Атк0Сп.Зщт0Скор.0ОЗ0Атк0Зщт0Сп.Атк0Сп.Зщт0Скор.,87.5%/12.5%,,70НеизвестноGen. IVНеизвестноIV147,,СинийФайл:0729.ogg,,Water 1/Field15циклов,,
ドータクン / Dootakun,Стальной/Психический,Bronze Bell,LevitateHeatproofHeavy Metal(dw),Бронзор← 0437 →Бонслай,—,—,—,—,—,—,—,—,,,,Бесполое,1.3 м.187.0 кг.,Mineral,,http://pokemon.wikia.com/wiki/File:0437.ogg,Бронзонг,https://pokemon.fandom.com/ru/wiki/%D0%91%D1%80%D0%BE%D0%BD%D0%B7%D0%BE%D0%BD%D0%B3,,,,,,,,,,,,,
ドーミラー / Doomiraa,Стальной/Психический,Bronze,LevitateHeatproofHeavy Metal(dw),Скантэнк← 0436 →Бронзонг,—,—,—,—,—,—,—,—,,,,Бесполое,0.5 м.60.5 кг.,Mineral,,http://pokemon.wikia.com/wiki/File:0436.ogg,Бронзор,https://pokemon.fandom.com/ru/wiki/%D0%91%D1%80%D0%BE%D0%BD%D0%B7%D0%BE%D1%80,,,,,,,,,,,,,
ウォーグル / Uooguru,Нормальный/Летающий,Valiant,Keen EyeSheer ForceDefiant(dw),Раффлет← 0628 →Вуллабай,—,—,—,—,—,—,—,—,,,,100%/0 %,1.5 м.41.0 кг.,Flying,,http://pokemon.wikia.com/wiki/File:0628.ogg,Брэвиари,https://pokemon.fandom.com/ru/wiki/%D0%91%D1%80%D1%8D%D0%B2%D0%B8%D0%B0%D1%80%D0%B8,,,,,,,,,,,,,
ブイゼル / Buizeru,Водный,Sea Weasel,Swift SwimWater Veil(dw),Пачирису← 0418 →Флоатзель,—,—,—,—,—,—,—,—,,,,50%/50 %,0.7 м.29.5 кг.,Water 1Field,,http://pokemon.wikia.com/wiki/File:0418.ogg,Буизель,https://pokemon.fandom.com/ru/wiki/%D0%91%D1%83%D0%B8%D0%B7%D0%B5%D0%BB%D1%8C,,,,,,,,,,,,,
Fushigidane,,,OvergrowCacophonyCacophonyChlorophyll(скрытая способность)Cacophony(скрытая способность)CacophonyCacophony,MissingNo← 0001 →Ивизавр,,,,,,,,,,,,,0.7 м6.9 кг,,,,Бульбазавр,https://pokemon.fandom.com/ru/wiki/%D0%91%D1%83%D0%BB%D1%8C%D0%B1%D0%B0%D0%B7%D0%B0%D0%B2%D1%80,,,45(11.9%)Средне-медленная,Всего: 1Bulbasaur:0ОЗ0Атк0Зщт1Сп.Атк0Сп.Зщт0Скор.0ОЗ0Атк0Зщт0Сп.Атк0Сп.Зщт0Скор.0ОЗ0Атк0Зщт0Сп.Атк0Сп.Зщт0Скор.0ОЗ0Атк0Зщт0Сп.Атк0Сп.Зщт0Скор.,87.5%/12.5%,,7064Gen. I-IVНеизвестноIV64V+,,Зелёныйhttp://pokemon.wikia.com/wiki/File:0001.ogg,,Monster/Grass20циклов,Травяной/Ядовитый,
ミノムッチ / Minomutchi,Насекомый,Bagworm,Shed SkinOvercoat(dw),Бастиодон← 412A →Вормадам,—,—,—,—,—,—,—,—,,,,50%/50 %,0.2 м.3.4 кг.,Bug,,Файл:412A.ogg,Бурми,https://pokemon.fandom.com/ru/wiki/%D0%91%D1%83%D1%80%D0%BC%D0%B8,,,,,,,,,,,,,
バッフロン / Baffuron,Нормальный,Bash Buffalo,RecklessSap SipperSoundproof(dw),Бишарп← 0626 →Раффлет,—,—,—,—,—,—,—,—,,,,50%/50 %,1.6 м.94.6 кг.,Field,,http://pokemon.wikia.com/wiki/File:0626.ogg,Буффалант,https://pokemon.fandom.com/ru/wiki/%D0%91%D1%83%D1%84%D1%84%D0%B0%D0%BB%D0%B0%D0%BD%D1%82,,,,,,,,,,,,,
アゲハント / Agehanto,Насекомый/Летающий,Butterfly,SwarmRivalry(dw),Силкун← 0267 →Каскун,—,—,—,—,—,—,—,—,,,,50%/50 %,1.0 м.28.4 кг.,Bug,,http://pokemon.wikia.com/wiki/File:0267.ogg,Бьютифлай,https://pokemon.fandom.com/ru/wiki/%D0%91%D1%8C%D1%8E%D1%82%D0%B8%D1%84%D0%BB%D0%B0%D0%B9,,,,,,,,,,,,,
タツベイ / Tatsubei,Драконий,Каменный Head,Rock HeadSheer Force(dw),Лавдиск← 0371 →Шелгон,—,—,—,—,—,—,—,—,,,,50%/50 %,0.6 м.42.1 кг.,Dragon,,http://pokemon.wikia.com/wiki/File:0371.ogg,Бэгон,https://pokemon.fandom.com/ru/wiki/%D0%91%D1%8D%D0%B3%D0%BE%D0%BD,,,,,,,,,,,,,
Umitrio,,,Gooey/RattledCacophonyCacophonySand Veil(скрытая способность)Cacophony(скрытая способность)CacophonyCacophony,Виглетт← 0961 →Бомбёрдир,,,,,,,,,,,,,1.2 м5.4 кг,,,,Вагтрио,https://pokemon.fandom.com/ru/wiki/%D0%92%D0%B0%D0%B3%D1%82%D1%80%D0%B8%D0%BE,,Водный,50(12.9%)Средне-быстрая,Всего: 2Wugtrio:0ОЗ0Атк0Зщт0Сп.Атк0Сп.Зщт2Скор.0ОЗ0Атк0Зщт0Сп.Атк0Сп.Зщт0Скор.0ОЗ0Атк0Зщт0Сп.Атк0Сп.Зщт0Скор.0ОЗ0Атк0Зщт0Сп.Атк0Сп.Зщт0Скор.,50%/50%,Water 320циклов,50НеизвестноGen. IVНеизвестноIV149,,КрасныйФайл:0961.ogg,,,,
ラフレシア / Rafureshia,Травяной/Ядовитый,Flower,ChlorophyllEffect Spore(dw),Глум← 0045 →Парас,0045,—,—,—,—,—,—,—,,,,50%/50 %,1.2 м.18.6 кг.,Grass,,http://pokemon.wikia.com/wiki/File:0045.ogg,Вайлплум,https://pokemon.fandom.com/ru/wiki/%D0%92%D0%B0%D0%B9%D0%BB%D0%BF%D0%BB%D1%83%D0%BC,,,,,,,,,,,,,
ソーナノ / Soonano,Психический,Bright,Shadow TagTelepathy(dw),Абсол← 0360 →Снорант,—,—,—,—,—,—,—,—,,,,50%/50 %,0.6 м.14.0 кг.,,,http://pokemon.wikia.com/wiki/File:0360.ogg,Вайнот,https://pokemon.fandom.com/ru/wiki/%D0%92%D0%B0%D0%B9%D0%BD%D0%BE%D1%82,,,,,,,,,,,,,
トドゼルガ / Todozeruga,Ледяной/Водный,Ледяной Break,Thick FatIce BodyOblivious(dw),Силео← 0365 →Кламперл,—,—,—,—,—,—,—,—,,,,50%/50 %,1.4 м.150.6 кг.,FieldWater 1,,http://pokemon.wikia.com/wiki/File:0365.ogg,Валрейн,https://pokemon.fandom.com/ru/wiki/%D0%92%D0%B0%D0%BB%D1%80%D0%B5%D0%B9%D0%BD,,,,,,,,,,,,,
バニプッチ / Baniputchi,Ледяной,Fresh Snow,Ice BodySnow CloakWeak Armor(dw),Сванна← 0582 →Ваниллиш,—,—,—,—,—,—,—,—,,,,50%/50 %,0.4 м.5.7 кг.,Mineral,,http://pokemon.wikia.com/wiki/File:0582.ogg,Ваниллит,https://pokemon.fandom.com/ru/wiki/%D0%92%D0%B0%D0%BD%D0%B8%D0%BB%D0%BB%D0%B8%D1%82,,,,,,,,,,,,,
ハニリッチ / Baniritchi,Ледяной,Icy Snow,Ice BodySnow CloakWeak Armor(dw),Ваниллит← 0583 →Ваниллюкс,—,—,—,—,—,—,—,—,,,,50%/50 %,1.1 м.41.0 кг.,Mineral,,http://pokemon.wikia.com/wiki/File:0583.ogg,Ваниллиш,https://pokemon.fandom.com/ru/wiki/%D0%92%D0%B0%D0%BD%D0%B8%D0%BB%D0%BB%D0%B8%D1%88,,,,,,,,,,,,,
バイバニラ / Baibanira,Ледяной,Snowstorm,Ice BodySnow WarningWeak Armor(dw),Ваниллиш← 0584 →Дирлинг,—,—,—,—,—,—,—,—,,,,50%/50 %,1.5 м.57.5 кг.,Mineral,,http://pokemon.wikia.com/wiki/File:0584.ogg,Ваниллюкс,https://pokemon.fandom.com/ru/wiki/%D0%92%D0%B0%D0%BD%D0%B8%D0%BB%D0%BB%D1%8E%D0%BA%D1%81,,,,,,,,,,,,,
シャワーズ / Shawaazu,Водный,Bubble Jet,Water AbsorbHydration(dw),Иви← 0134 →Джолтеон,0134,—,—,—,—,—,—,—,,,,87.5%/12.5 %,1.0 м.21.0 кг.,Field,,http://pokemon.wikia.com/wiki/File:0134.ogg,Вапореон,https://pokemon.fandom.com/ru/wiki/%D0%92%D0%B0%D0%BF%D0%BE%D1%80%D0%B5%D0%BE%D0%BD,,,,,,,,,,,,,
Kameil,,,TorrentCacophonyCacophonyRain Dish(скрытая способность)Cacophony(скрытая способность)CacophonyCacophony,Сквиртл← 0008 →Бластойз,,,,,,,,,,,,,1.0 м22.5 кг,,,,Вартортл,https://pokemon.fandom.com/ru/wiki/%D0%92%D0%B0%D1%80%D1%82%D0%BE%D1%80%D1%82%D0%BB,,Водный,45(11.9%)Средне-медленная,Всего: 2Wartortle:0ОЗ0Атк1Зщт0Сп.Атк1Сп.Зщт0Скор.0ОЗ0Атк0Зщт0Сп.Атк0Сп.Зщт0Скор.0ОЗ0Атк0Зщт0Сп.Атк0Сп.Зщт0Скор.0ОЗ0Атк0Зщт0Сп.Атк0Сп.Зщт0Скор.,87.5%/12.5%,,70143Gen. I-IVНеизвестноIV142V+,,Синийhttp://pokemon.wikia.com/wiki/File:0008.ogg,,Monster/Water 120циклов,,
Buroron,,,OvercoatCacophonyCacophonySlow Start(скрытая способность)Cacophony(скрытая способность)CacophonyCacophony,Палафин← 0965 →Реваврум,,,,,,,,,,,,,1.0 м35.0 кг,,,,Варум,https://pokemon.fandom.com/ru/wiki/%D0%92%D0%B0%D1%80%D1%83%D0%BC,,,190(35.2%)Средне-быстрая,Всего: 1Varoom:0ОЗ1Атк0Зщт0Сп.Атк0Сп.Зщт0Скор.0ОЗ0Атк0Зщт0Сп.Атк0Сп.Зщт0Скор.0ОЗ0Атк0Зщт0Сп.Атк0Сп.Зщт0Скор.0ОЗ0Атк0Зщт0Сп.Атк0Сп.Зщт0Скор.,50%/50%,Mineral20циклов,50НеизвестноGen. IVНеизвестноIV60,,СерыйФайл:0965.ogg,,,Стальной/Ядовитый,
Kaiden,,,Wind Power/Volt AbsorbCacophonyCacophonyCompetitive(скрытая способность)Cacophony(скрытая способность)CacophonyCacophony,Беллиболт← 0940 →Киловаттрел,,,,,,,,,,,,,0.4 м3.6 кг,,,,Ваттрел,https://pokemon.fandom.com/ru/wiki/%D0%92%D0%B0%D1%82%D1%82%D1%80%D0%B5%D0%BB,,,180(33.8%)Средне-медленная,Всего: 1Wattrel:0ОЗ0Атк0Зщт0Сп.Атк0Сп.Зщт1Скор.0ОЗ0Атк0Зщт0Сп.Атк0Сп.Зщт0Скор.0ОЗ0Атк0Зщт0Сп.Атк0Сп.Зщт0Скор.0ОЗ0Атк0Зщт0Сп.Атк0Сп.Зщт0Скор.,50%/50%,,50НеизвестноGen. IVНеизвестноIV56,,ЧёрныйФайл:0940.ogg,,Water 1/Flying20циклов,Электрический/Летающий,
ミルホッグ / Miruhoggu,Нормальный,Lookout,IlluminateKeen EyeAnalytic(dw),Патрат← 0505 →Лиллипап,—,—,—,—,—,—,—,—,,,,50%/50 %,1.1 м.27.0 кг.,Field,,http://pokemon.wikia.com/wiki/File:0505.ogg,Ватчхог,https://pokemon.fandom.com/ru/wiki/%D0%92%D0%B0%D1%82%D1%87%D1%85%D0%BE%D0%B3,,,,,,,,,,,,,
ホエルコ / Hoeruko,Водный,Ball Whale,Water VeilObliviousPressure(dw),Шарпедо← 0320 →Вэйлорд,—,—,—,—,—,—,—,—,,,,50%/50 %,2.0 м.130.0 кг.,FieldWater 2,,http://pokemon.wikia.com/wiki/File:0320.ogg,Вейлмер,https://pokemon.fandom.com/ru/wiki/%D0%92%D0%B5%D0%B9%D0%BB%D0%BC%D0%B5%D1%80,,,,,,,,,,,,,
Idainakiba,,,,Кингамбит← 0984 →Кричащий Хвост,,,,,,,,,,,,,2.2 м320.0 кг,,,,Великий Бивень,https://pokemon.fandom.com/ru/wiki/%D0%92%D0%B5%D0%BB%D0%B8%D0%BA%D0%B8%D0%B9_%D0%91%D0%B8%D0%B2%D0%B5%D0%BD%D1%8C,,,30(8.8%)Медленная,Всего: 3Great Tusk:0ОЗ3Атк0Зщт0Сп.Атк0Сп.Зщт0Скор.0ОЗ0Атк0Зщт0Сп.Атк0Сп.Зщт0Скор.0ОЗ0Атк0Зщт0Сп.Атк0Сп.Зщт0Скор.0ОЗ0Атк0Зщт0Сп.Атк0Сп.Зщт0Скор.,,No Eggs Discovered50цикловЯйцо невозможно получить,0НеизвестноGen. IVНеизвестноIV285,,ФиолетовыйФайл:0984.ogg,,,Земляной/Боевой,ProtosynthesisCacophonyCacophony(скрытая способность)Cacophony(скрытая способность)CacophonyCacophony
Migalusa,,,Mold BreakerCacophonyCacophonySharpness(скрытая способность)Cacophony(скрытая способность)CacophonyCacophony,Цетитан← 0976 →Дондозо,,,,,,,,,,,,,2.5 м90 кг,,,,Велуза,https://pokemon.fandom.com/ru/wiki/%D0%92%D0%B5%D0%BB%D1%83%D0%B7%D0%B0,,,100(21.7%)Быстрая,Всего: 2Veluza:0ОЗ2Атк0Зщт0Сп.Атк0Сп.Зщт0Скор.0ОЗ0Атк0Зщт0Сп.Атк0Сп.Зщт0Скор.0ОЗ0Атк0Зщт0Сп.Атк0Сп.Зщт0Скор.0ОЗ0Атк0Зщт0Сп.Атк0Сп.Зщт0Скор.,50%/50%,Water 220циклов,50НеизвестноGen. IVНеизвестноIV167,,СерыйФайл:0976.ogg,,,Водный/Психический,
フシデ / Fushide,Насекомый/Ядовитый,Centipede,Poison PointSwarmSpeed Boost(dw),Ливанни← 0543 →Вирлипид,—,—,—,—,—,—,—,—,,,,50%/50 %,0.3 м.5.3 кг.,Bug,,http://pokemon.wikia.com/wiki/File:0543.ogg,Венипид,https://pokemon.fandom.com/ru/wiki/%D0%92%D0%B5%D0%BD%D0%B8%D0%BF%D0%B8%D0%B4,,,,,,,,,,,,,
モルフォン / Morufon,Насекомый/Ядовитый,Ядовитый Moth,Shield DustTinted LensWonder Skin(dw),Венонат← 0049 →Диглетт,0049,—,—,—,—,—,—,—,,,,50%/50 %,1.5 м.12.5 кг.,Bug,,http://pokemon.wikia.com/wiki/File:0049.ogg,Веномот,https://pokemon.fandom.com/ru/wiki/%D0%92%D0%B5%D0%BD%D0%BE%D0%BC%D0%BE%D1%82,,,,,,,,,,,,,
コンパン / Konpan,Насекомый/Ядовитый,Insect,Compound EyesTinted LensRun Away(dw),Парасект← 0048 →Веномот,0048,—,—,—,—,—,—,—,,,,50%/50 %,1.0 м.30.0 кг.,Bug,,http://pokemon.wikia.com/wiki/File:0048.ogg,Венонат,https://pokemon.fandom.com/ru/wiki/%D0%92%D0%B5%D0%BD%D0%BE%D0%BD%D0%B0%D1%82,,,,,,,,,,,,,
Fushigibana,,,OvergrowVenusaurCacophonyMega VenusaurCacophonyGigantamax VenusaurChlorophyll(скрытая способность)Cacophony(скрытая способность)Thick FatMega VenusaurCacophonyGigantamax Venusaur,Ивизавр← 0003 →Чармандер,,,,,,,,,,,,,2.0 м100.0 кг,,,,Венузавр,https://pokemon.fandom.com/ru/wiki/%D0%92%D0%B5%D0%BD%D1%83%D0%B7%D0%B0%D0%B2%D1%80,,,45(11.9%)Средне-медленная,Всего: 3Venusaur:0ОЗ0Атк0Зщт2Сп.Атк1Сп.Зщт0Скор.Mega Venusaur:0ОЗ0Атк0Зщт0Сп.Атк0Сп.Зщт0Скор.Gigantamax Venusaur:0ОЗ0Атк0Зщт0Сп.Атк0Сп.Зщт0Скор.0ОЗ0Атк0Зщт0Сп.Атк0Сп.Зщт0Скор.,87.5%/12.5%,,70208Gen. I-IVНеизвестноIV236V+,,Зелёныйhttp://pokemon.wikia.com/wiki/File:0003.ogg,Mega VenusaurGigantamax Venusaur,Monster/Grass20циклов,Травяной/Ядовитый,
ビークイン / Biikuin,Насекомый/Летающий,Beehive,PressureUnnerve(dw),Комби← 0416 →Пачирису,—,—,—,—,—,—,—,—,,,,0%/100 %,1.2 м.38.5 кг.,Bug,,http://pokemon.wikia.com/wiki/File:0416.ogg,Веспиквин,https://pokemon.fandom.com/ru/wiki/%D0%92%D0%B5%D1%81%D0%BF%D0%B8%D0%BA%D0%B2%D0%B8%D0%BD,,,,,,,,,,,,,
ビブラーバ / Biburaaba,Земляной/Драконий,Vibration,Levitate,Трэпинч← 0329 →Флайгон,—,—,—,—,—,—,—,—,,,,50%/50 %,1.1 м.15.3 кг.,BugDragon,,http://pokemon.wikia.com/wiki/File:0329.ogg,Вибрава,https://pokemon.fandom.com/ru/wiki/%D0%92%D0%B8%D0%B1%D1%80%D0%B0%D0%B2%D0%B0,,,,,,,,,,,,,
マニューラ / Manyuura,Тёмный/Ледяной,Sharp Claw,PressurePickpocket(dw),Абомасноу← 0461 →Магнезон,—,—,—,—,—,—,—,—,,,,50%/50 %,1.1 м.34.0 кг.,Field,,http://pokemon.wikia.com/wiki/File:0461.ogg,Вивайл,https://pokemon.fandom.com/ru/wiki/%D0%92%D0%B8%D0%B2%D0%B0%D0%B9%D0%BB,,,,,,,,,,,,,
ビビヨン / Bibiyon,Насекомый/Летающий,Scale,Shield DustCompound EyesFriend Guard(dw),Спьюпа← 0666 →Литлео,—,—,—,—,—,—,—,—,,,,50%/50 %,1.2 м.17.0 кг.,Bug,,http://pokemon.wikia.com/wiki/File:0666.ogg,Вивиллон,https://pokemon.fandom.com/ru/wiki/%D0%92%D0%B8%D0%B2%D0%B8%D0%BB%D0%BB%D0%BE%D0%BD,,,,,,,,,,,,,
プクリン / Pukurin,Нормальный/Волшебный,Balloon,Cute CharmCompetitiveFrisk(dw),Джигглипафф← 0040 →Зубат,0040,—,—,—,—,—,—,—,,,,25%/75 %,1.0 м.12.0 кг.,Fairy,,http://pokemon.wikia.com/wiki/File:0040.ogg,Вигглитафф,https://pokemon.fandom.com/ru/wiki/%D0%92%D0%B8%D0%B3%D0%B3%D0%BB%D0%B8%D1%82%D0%B0%D1%84%D1%84,,,,,,,,,,,,,
Umidigda,,,Gooey/RattledCacophonyCacophonySand Veil(скрытая способность)Cacophony(скрытая способность)CacophonyCacophony,Тинкатон← 0960 →Вагтрио,,,,,,,,,,,,,1.2 м1.8 кг,,,,Виглетт,https://pokemon.fandom.com/ru/wiki/%D0%92%D0%B8%D0%B3%D0%BB%D0%B5%D1%82%D1%82,,Водный,255(43.9%)Средне-быстрая,Всего: 1Wiglett:0ОЗ0Атк0Зщт0Сп.Атк0Сп.Зщт1Скор.0ОЗ0Атк0Зщт0Сп.Атк0Сп.Зщт0Скор.0ОЗ0Атк0Зщт0Сп.Атк0Сп.Зщт0Скор.0ОЗ0Атк0Зщт0Сп.Атк0Сп.Зщт0Скор.,50%/50%,Water 320циклов,50НеизвестноGen. IVНеизвестноIV49,,БелыйФайл:0960.ogg,,,,
ヤルキモノ / Yarukimono,Нормальный,Wild Monkey,Vital Spirit,Слакот← 0288 →Слакинг,—,—,—,—,—,—,—,—,,,,50%/50 %,1.4 м.46.5 кг.,Field,,http://pokemon.wikia.com/wiki/File:0288.ogg,Вигорот,https://pokemon.fandom.com/ru/wiki/%D0%92%D0%B8%D0%B3%D0%BE%D1%80%D0%BE%D1%82,,,,,,,,,,,,,
Beedle,,,Shield DustCacophonyCacophonyRun Away(скрытая способность)Cacophony(скрытая способность)CacophonyCacophony,Баттерфри← 0013 →Какуна,,,,,,,,,,,,,0.3 м3.2 кг,,,,Видл,https://pokemon.fandom.com/ru/wiki/%D0%92%D0%B8%D0%B4%D0%BB,,,255(43.9%)Средне-быстрая,Всего: 1Weedle:0ОЗ0Атк0Зщт0Сп.Атк0Сп.Зщт1Скор.0ОЗ0Атк0Зщт0Сп.Атк0Сп.Зщт0Скор.0ОЗ0Атк0Зщт0Сп.Атк0Сп.Зщт0Скор.0ОЗ0Атк0Зщт0Сп.Атк0Сп.Зщт0Скор.,50%/50%,Bug15циклов,7052Gen. I-IVНеизвестноIV39V+,,Коричневыйhttp://pokemon.wikia.com/wiki/File:0013.ogg,,,Насекомый/Ядовитый,
マタドガス / Matadogasu,Ядовитый,Ядовитый Gas,Levitate,Коффинг← 0110 →Райхорн,0110,—,—,—,—,—,—,—,,,,50%/50 %,1.2 м.9.5 кг.,Amorphous,,http://pokemon.wikia.com/wiki/File:0110.ogg,Визинг,https://pokemon.fandom.com/ru/wiki/%D0%92%D0%B8%D0%B7%D0%B8%D0%BD%D0%B3,,,,,,,,,,,,,
クワガノン / Kuwaganon,Насекомый/Электрический,Stag Beetle,Levitate,Чарьябаг← 0738 →Краброулер,—,—,—,—,—,—,—,—,,,Файл:0Grubbin737.png,50%/50 %,1.7 м.55.0 кг.,Bug,,Файл:F0738.pngФайл:0738.ogg,Викавольт,https://pokemon.fandom.com/ru/wiki/%D0%92%D0%B8%D0%BA%D0%B0%D0%B2%D0%BE%D0%BB%D1%8C%D1%82,,,,,,,,,,,,,
ビクティニ / Bikutini,Психический/Огненный,Victory,Victory Star,Аркеус← 0494 →Снайви,—,—,—,—,—,—,—,—,,,,Бесполое,0.4 м.4.0 кг.,,,http://pokemon.wikia.com/wiki/File:0494.ogg,Виктини,https://pokemon.fandom.com/ru/wiki/%D0%92%D0%B8%D0%BA%D1%82%D0%B8%D0%BD%D0%B8,,,,,,,,,,,,,
ウツボット / Utsubotto,Травяной/Ядовитый,Flycatcher,ChlorophyllGluttony(dw),Випинбелл← 0071 →Тентакул,0071,—,—,—,—,—,—,—,,,,50%/50 %,1.7 м.15.5 кг.,Grass,,http://pokemon.wikia.com/wiki/File:0071.ogg,Виктрибел,https://pokemon.fandom.com/ru/wiki/%D0%92%D0%B8%D0%BA%D1%82%D1%80%D0%B8%D0%B1%D0%B5%D0%BB,,,,,,,,,,,,,
コソクムシ / Kosokumushi,Насекомый/Водный,Turn Tail,Wimp Out,Пассимиан← 0767 →Голисопод,—,—,—,—,—,—,—,—,,,,50%/50 %,0.5 м.12.0 кг.,BugWater 3,,Файл:F0767.pngФайл:0767.ogg,Вимпод,https://pokemon.fandom.com/ru/wiki/%D0%92%D0%B8%D0%BC%D0%BF%D0%BE%D0%B4,,,,,,,,,,,,,
エルフーン / Erufuun,Травяной/Волшебный,Windveiled,PranksterInfiltratorChlorophyll(dw),Коттони← 0547 →Петилил,—,—,—,—,—,—,—,—,,,,50%/50 %,0.7 м.6.6 кг.,GrassFairy,,http://pokemon.wikia.com/wiki/File:0547.ogg,Вимсикотт,https://pokemon.fandom.com/ru/wiki/%D0%92%D0%B8%D0%BC%D1%81%D0%B8%D0%BA%D0%BE%D1%82%D1%82,,,,,,,,,,,,,
Camome,,,Keen Eye/HydrationGen VII+CacophonyCacophonyRain Dish(скрытая способность)Cacophony(скрытая способность)CacophonyCacophony,Свеллоу← 0278 →Пелиппер,,,,,,,,,,,,,0.6 м9.5 кг,,,,Вингалл,https://pokemon.fandom.com/ru/wiki/%D0%92%D0%B8%D0%BD%D0%B3%D0%B0%D0%BB%D0%BB,,,190(35.2%)Средне-быстрая,Всего: 1Wingull:0ОЗ0Атк0Зщт0Сп.Атк0Сп.Зщт1Скор.0ОЗ0Атк0Зщт0Сп.Атк0Сп.Зщт0Скор.0ОЗ0Атк0Зщт0Сп.Атк0Сп.Зщт0Скор.0ОЗ0Атк0Зщт0Сп.Атк0Сп.Зщт0Скор.,50%/50%,,7064Gen. III-IVНеизвестноIV54V+,,Белыйhttp://pokemon.wikia.com/wiki/File:0278.ogg,,Water 1/Flying20циклов,Водный/Летающий,
ウツドン / Utsudon,Травяной/Ядовитый,Flycatcher,ChlorophyllGluttony(dw),Беллспраут← 0070 →Виктрибел,0070,—,—,—,—,—,—,—,,,,50%/50 %,1.0 м.6.4 кг.,Grass,,http://pokemon.wikia.com/wiki/File:0070.ogg,Випинбелл,https://pokemon.fandom.com/ru/wiki/%D0%92%D0%B8%D0%BF%D0%B8%D0%BD%D0%B1%D0%B5%D0%BB%D0%BB,,,,,,,,,,,,,
アヤシシ / Ayashishi,Нормальный/Психический,,,Калирекс← 0899 →Кливор,—,—,—,—,—,—,—,—,,,,Бесполое,1.8 м.95.0 кг.,,,Файл:F0899.pnghttp://pokemon.wikia.com/wiki/File:0899.ogg,Вирдир,https://pokemon.fandom.com/ru/wiki/%D0%92%D0%B8%D1%80%D0%B4%D0%B8%D1%80,,,,,,,,,,,,,
ビリジオン / Birijion,Травяной/Боевой,Травянойland,Justified,Терракион← 0640 →Торнадус,—,—,—,—,—,—,—,—,,,,Бесполое,2.0 м.200.0 кг.,,,http://pokemon.wikia.com/wiki/File:0640.ogg,Виризион,https://pokemon.fandom.com/ru/wiki/%D0%92%D0%B8%D1%80%D0%B8%D0%B7%D0%B8%D0%BE%D0%BD,,,,,,,,,,,,,
ホイーガ / Hoiiga,Насекомый/Ядовитый,Curlipede,Poison PointSwarmSpeed Boost(dw),Венипид← 0544 →Сколипид,—,—,—,—,—,—,—,—,,,,50%/50 %,0.9 м.58.6 кг.,Bug,,http://pokemon.wikia.com/wiki/File:0544.ogg,Вирлипид,https://pokemon.fandom.com/ru/wiki/%D0%92%D0%B8%D1%80%D0%BB%D0%B8%D0%BF%D0%B8%D0%B4,,,,,,,,,,,,,
ナマズン / Namazun,Водный/Земляной,Whiskers,ObliviousAnticipationHydration(dw),Барбоач← 0340 →Корфиш,—,—,—,—,—,—,—,—,,,,50%/50 %,0.9 м.23.6 кг.,Water 2,,http://pokemon.wikia.com/wiki/File:0340.ogg,Вискаш,https://pokemon.fandom.com/ru/wiki/%D0%92%D0%B8%D1%81%D0%BA%D0%B0%D1%88,,,,,,,,,,,,,
ゴニョニョ / Gonyonyo,Нормальный,Whisper,SoundproofRattled(dw),Шединья← 0293 →Лоудред,—,—,—,—,—,—,—,—,,,,50%/50 %,0.6 м.16.3 кг.,MonsterField,,http://pokemon.wikia.com/wiki/File:0293.ogg,Висмур,https://pokemon.fandom.com/ru/wiki/%D0%92%D0%B8%D1%81%D0%BC%D1%83%D1%80,,,,,,,,,,,,,
ヨワシ / Yowashi,Водный,Small Fry Pokemon,Schooling,Лайканрок← 0746 →Марини,—,—,—,—,—,—,—,—,,,,50%/50 %,0.2 м.0.3 кг.,Water 2,,Файл:F0746.pngФайл:0746.ogg,Вишиваши,https://pokemon.fandom.com/ru/wiki/%D0%92%D0%B8%D1%88%D0%B8%D0%B2%D0%B0%D1%88%D0%B8,,,,,,,,,,,,,
Chionjen,,,,Голденго← 1001 →Чьен-Пао,,,,,,,,,,,,,1.5 м74.2 кг,,,,Во-Чьен,https://pokemon.fandom.com/ru/wiki/%D0%92%D0%BE-%D0%A7%D1%8C%D0%B5%D0%BD,,,6(2.6%)Медленная,Всего: 3Wo-Chien:0ОЗ0Атк0Зщт0Сп.Атк3Сп.Зщт0Скор.0ОЗ0Атк0Зщт0Сп.Атк0Сп.Зщт0Скор.0ОЗ0Атк0Зщт0Сп.Атк0Сп.Зщт0Скор.0ОЗ0Атк0Зщт0Сп.Атк0Сп.Зщт0Скор.,,No Eggs Discovered50цикловЯйцо невозможно получить,0НеизвестноGen. IVНеизвестноIV285,,КоричневыйФайл:1001.ogg,,,Тёмный/Травяной,Tablets of RuinCacophonyCacophonyCacophony(скрытая способность)Cacophony(скрытая способность)CacophonyCacophony
ソーナンス / Soonansu,Психический,Patient,Shadow TagTelepathy(dw),Аноун← 0202 →Жирафариж,—,—,—,—,—,—,—,—,,,,50%/50 %,1.3 м.28.5 кг.,Amorphous,,http://pokemon.wikia.com/wiki/File:0202.ogg,Воббаффет,https://pokemon.fandom.com/ru/wiki/%D0%92%D0%BE%D0%B1%D0%B1%D0%B0%D1%84%D1%84%D0%B5%D1%82,,,,,,,,,,,,,
Barubeat,,,Illuminate/SwarmCacophonyCacophonyPrankster(скрытая способность)Cacophony(скрытая способность)CacophonyCacophony,Майнун← 0313 →Иллюмайз,,,,,,,,,,,,,0.7 м17.7 кг,,,,Волбит,https://pokemon.fandom.com/ru/wiki/%D0%92%D0%BE%D0%BB%D0%B1%D0%B8%D1%82,,Насекомый,150(29.5%)Эрратическая,Всего: 1Volbeat:0ОЗ0Атк0Зщт0Сп.Атк0Сп.Зщт1Скор.0ОЗ0Атк0Зщт0Сп.Атк0Сп.Зщт0Скор.0ОЗ0Атк0Зщт0Сп.Атк0Сп.Зщт0Скор.0ОЗ0Атк0Зщт0Сп.Атк0Сп.Зщт0Скор.,100%,,70146Gen. III-IVНеизвестноIV151V+,,Серыйhttp://pokemon.wikia.com/wiki/File:0313.ogg,,Bug/Human-Like15циклов,,
ボルケニオン / Borukenion,Огненный/Водный,Steam,Water Absorb,Хуппа← 0721 →Роулет,—,—,—,—,—,—,—,—,,,,Бесполое,1.7 м.195.0 кг.,Undiscovered,,Файл:F0721.pngФайл:0721.ogg,Волканион,https://pokemon.fandom.com/ru/wiki/%D0%92%D0%BE%D0%BB%D0%BA%D0%B0%D0%BD%D0%B8%D0%BE%D0%BD,,,,,,,,,,,,,
ウルガモス / Urugamosu,Насекомый/Огненный,Sun,Flame BodySwarm(dw),Ларвеста← 0637 →Кобалион,—,—,—,—,—,—,—,—,,,,50%/50 %,1.6 м.46.0 кг.,Bug,,http://pokemon.wikia.com/wiki/File:0637.ogg,Волкарона,https://pokemon.fandom.com/ru/wiki/%D0%92%D0%BE%D0%BB%D0%BA%D0%B0%D1%80%D0%BE%D0%BD%D0%B0,,,,,,,,,,,,,
Habatakukami,,,,Свирепый Гриб← 0987 →Ползущее Крыло,,,,,,,,,,,,,1.4 м4.0 кг,,,,Волнистая Грива,https://pokemon.fandom.com/ru/wiki/%D0%92%D0%BE%D0%BB%D0%BD%D0%B8%D1%81%D1%82%D0%B0%D1%8F_%D0%93%D1%80%D0%B8%D0%B2%D0%B0,,,30(8.8%)Медленная,Всего: 3Flutter Mane:0ОЗ0Атк0Зщт1Сп.Атк1Сп.Зщт1Скор.0ОЗ0Атк0Зщт0Сп.Атк0Сп.Зщт0Скор.0ОЗ0Атк0Зщт0Сп.Атк0Сп.Зщт0Скор.0ОЗ0Атк0Зщт0Сп.Атк0Сп.Зщт0Скор.,,No Eggs Discovered50циклов,0НеизвестноGen. IVНеизвестноIV285,,СерыйФайл:0987.ogg,,,Призрачный/Волшебный,ProtosynthesisCacophonyCacophony(скрытая способность)Cacophony(скрытая способность)CacophonyCacophony
ビリリダマ / Biriridama,Электрический,Ball,SoundproofStaticAftermath(dw),Кинглер← 0100 →Электрод,0100,—,—,—,—,—,—,—,,,,Бесполое,0.5 м.10.4 кг.,Mineral,,http://pokemon.wikia.com/wiki/File:0100.ogg,Волторб,https://pokemon.fandom.com/ru/wiki/%D0%92%D0%BE%D0%BB%D1%82%D0%BE%D1%80%D0%B1,,,,,,,,,,,,,
ミノマダム / Minomadamu,Насекомый/Травяной,Покемон-мешочница,Предчувствие,Бурми← 413 →Мотим,—,—,—,046,—,045,—,—,,,,0%/100 %,0.51 м6.49 кг,Насекомые,,Файл:413.ogg,Вормадам,https://pokemon.fandom.com/ru/wiki/%D0%92%D0%BE%D1%80%D0%BC%D0%B0%D0%B4%D0%B0%D0%BC,,,,,,,,,,,,,
コロモリ / Koromori,Психический/Летающий,Bat,UnawareKlutzSimple(dw),Гигалит← 0527 →Свубат,—,—,—,—,—,—,—,—,,,,50%/50 %,0.4 м.2.1 кг.,FieldFlying,,http://pokemon.wikia.com/wiki/File:0527.ogg,Вубат,https://pokemon.fandom.com/ru/wiki/%D0%92%D1%83%D0%B1%D0%B0%D1%82,,,,,,,,,,,,,
バルチャイ / Baruchai,Тёмный/Летающий,Diapered,Big PecksOvercoatWeak Armor(dw),Брэвиари← 0629 →Мандибазз,—,—,—,—,—,—,—,—,,,,0%/100 %,0.5 м.9.0 кг.,Flying,,http://pokemon.wikia.com/wiki/File:0629.ogg,Вуллабай,https://pokemon.fandom.com/ru/wiki/%D0%92%D1%83%D0%BB%D0%BB%D0%B0%D0%B1%D0%B0%D0%B9,,,,,,,,,,,,,
ウールー / Uuruu,Нормальный,Sheep,FluffyRun AwayBulletproof(dw),Эльдегосс← 0831 →Дабвул,—,—,—,—,—,—,—,—,,,,50%/50 %,0.6 м.6.0 кг.,Field,,Файл:F0831.pngФайл:0831.ogg,Вулу,https://pokemon.fandom.com/ru/wiki/%D0%92%D1%83%D0%BB%D1%83,,,,,,,,,,,,,
ロコン / Rokon,Огненный,Fox,Flash FireDrought(dw),Клефэйбл← 0037 →Найнтэйлс,0037,—,—,—,—,—,—,—,,,,25%/75 %,0.6 м.9.9 кг.,Field,,http://pokemon.wikia.com/wiki/File:0037.ogg,Вульпикс,https://pokemon.fandom.com/ru/wiki/%D0%92%D1%83%D0%BB%D1%8C%D0%BF%D0%B8%D0%BA%D1%81,,,,,,,,,,,,,
ウパー / Upaa,Водный/Земляной,Водный Fish,DampWater AbsorbUnaware(dw),Янма← 0194 →Квагсайр,—,—,—,—,—,—,—,—,,,,50%/50 %,0.4 м.8.5 кг.,Water 1Field,,http://pokemon.wikia.com/wiki/File:0194.ogg,Вупер,https://pokemon.fandom.com/ru/wiki/%D0%92%D1%83%D0%BF%D0%B5%D1%80,,,,,,,,,,,,,
ケムッソ / Kemusso,Насекомый,Worm,Shield DustRun Away(dw),Лайнун← 0265 →Силкун,—,—,—,—,—,—,—,—,,,,50%/50 %,0.3 м.3.6 кг.,Bug,,http://pokemon.wikia.com/wiki/File:0265.ogg,Вурмпл,https://pokemon.fandom.com/ru/wiki/%D0%92%D1%83%D1%80%D0%BC%D0%BF%D0%BB,,,,,,,,,,,,,
Ugatsuhomura,,,,Гидрэпл← 1020 →Яростный Болт,,,,,,,,,,,,,3.5 м590.0 кг,,,,Выжигающий Огонь,https://pokemon.fandom.com/ru/wiki/%D0%92%D1%8B%D0%B6%D0%B8%D0%B3%D0%B0%D1%8E%D1%89%D0%B8%D0%B9_%D0%9E%D0%B3%D0%BE%D0%BD%D1%8C,,,10(3.9%)Медленная,Всего: 3Gouging Fire:0ОЗ0Атк3Зщт0Сп.Атк0Сп.Зщт0Скор.0ОЗ0Атк0Зщт0Сп.Атк0Сп.Зщт0Скор.0ОЗ0Атк0Зщт0Сп.Атк0Сп.Зщт0Скор.0ОЗ0Атк0Зщт0Сп.Атк0Сп.Зщт0Скор.,,No Eggs Discovered50цикловЯйцо невозможно получить,0НеизвестноGen. IVНеизвестноIV295,,КоричневыйФайл:1020.ogg,,,Огненный/Драконий,ProtosynthesisCacophonyCacophonyCacophony(скрытая способность)Cacophony(скрытая способность)CacophonyCacophony
ホエルオー / Hoeruoo,Водный,Float Whale,Water VeilObliviousPressure(dw),Вэйлмер← 0321 →Нумел,—,—,—,—,—,—,—,—,,,,50%/50 %,14.5 м.398.0 кг.,FieldWater 2,,http://pokemon.wikia.com/wiki/File:0321.ogg,Вэйлорд,https://pokemon.fandom.com/ru/wiki/%D0%92%D1%8D%D0%B9%D0%BB%D0%BE%D1%80%D0%B4,,,,,,,,,,,,,
ガバイト / Gabaito,Драконий/Земляной,Cave,Sand VeilRough Skin(dw),Гибл← 0444 →Гарчомп,—,—,—,—,—,—,—,—,,,,50%/50 %,1.4 м.56.0 кг.,MonsterDragon,,http://pokemon.wikia.com/wiki/File:0444.ogg,Габайт,https://pokemon.fandom.com/ru/wiki/%D0%93%D0%B0%D0%B1%D0%B0%D0%B9%D1%82,,,,,,,,,,,,,
アクジキング / Akujikingu,Тёмный/Драконий,Junkivore,Beast Boost,Картана← 0799 →Некрозма,—,—,—,—,—,—,—,—,,,,Бесполое,5.5 м.888.0 кг.,Undiscovered,,Файл:F0799.pngФайл:0799.ogg,Газзлорд,https://pokemon.fandom.com/ru/wiki/%D0%93%D0%B0%D0%B7%D0%B7%D0%BB%D0%BE%D1%80%D0%B4,,,,,,,,,,,,,
デンチュラ / Denchura,Насекомый/Электрический,EleSpider,Compound EyesUnnerveSwarm(dw),Джолтик← 0596 →Ферросид,—,—,—,—,—,—,—,—,,,,50%/50 %,0.8 м.14.3 кг.,Bug,,http://pokemon.wikia.com/wiki/File:0596.ogg,Галвантула,https://pokemon.fandom.com/ru/wiki/%D0%93%D0%B0%D0%BB%D0%B2%D0%B0%D0%BD%D1%82%D1%83%D0%BB%D0%B0,,,,,,,,,,,,,
エルレイド / Erureido,Психический/Боевой,Blade,SteadfastJustified(dw),Поригон-Z← 0475 →Пробопасс,—,—,—,—,—,—,—,—,,,,100%/0 %,1.6 м.52.0 кг.,AmorphousHuman-Like,,http://pokemon.wikia.com/wiki/File:0475.ogg,Галлейд,https://pokemon.fandom.com/ru/wiki/%D0%93%D0%B0%D0%BB%D0%BB%D0%B5%D0%B9%D0%B4,,,,,,,,,,,,,
デカグース / Dekaguusu,Нормальный,,,Янгус← 0735 →Граббин,—,—,—,—,—,—,—,—,,,,Бесполое,0.7 м.14.2 кг.,,,Файл:F0735.pngФайл:0735.ogg,Гамшус,https://pokemon.fandom.com/ru/wiki/%D0%93%D0%B0%D0%BC%D1%88%D1%83%D1%81,,,,,,,,,,,,,
Dustdas,,,Stench/Weak ArmorCacophonyГигантамакс ГарбодорCacophonyAftermath(скрытая способность)Cacophony(скрытая способность)CacophonyГигантамакс ГарбодорCacophony,Траббиш← 0569 →Зоруа,,,,,,,,,,,,,1.9 м107.3 кг,,,,Гарбодор,https://pokemon.fandom.com/ru/wiki/%D0%93%D0%B0%D1%80%D0%B1%D0%BE%D0%B4%D0%BE%D1%80,,Ядовитый,60(14.8%)Средне-быстрая,Всего: 2Garbodor:0ОЗ2Атк0Зщт0Сп.Атк0Сп.Зщт0Скор.Гигантамакс Гарбодор:0ОЗ0Атк0Зщт0Сп.Атк0Сп.Зщт0Скор.0ОЗ0Атк0Зщт0Сп.Атк0Сп.Зщт0Скор.0ОЗ0Атк0Зщт0Сп.Атк0Сп.Зщт0Скор.,50%/50%,Mineral20циклов,70НеизвестноGen. IVНеизвестноIV166,,Зелёныйhttp://pokemon.wikia.com/wiki/File:0569.ogg,Гигантамакс Гарбодор,,,
Kyojiohn,,,Purifying Salt/SturdyCacophonyCacophonyClear Body(скрытая способность)Cacophony(скрытая способность)CacophonyCacophony,Наклстак← 0934 →Чаркадет,,,,,,,,,,,,,2.3 м240.0 кг,,,,Гарганакл,https://pokemon.fandom.com/ru/wiki/%D0%93%D0%B0%D1%80%D0%B3%D0%B0%D0%BD%D0%B0%D0%BA%D0%BB,,Каменный,45(11.9%)Средне-медленная,Всего: 3Garganacl:0ОЗ0Атк3Зщт0Сп.Атк0Сп.Зщт0Скор.0ОЗ0Атк0Зщт0Сп.Атк0Сп.Зщт0Скор.0ОЗ0Атк0Зщт0Сп.Атк0Сп.Зщт0Скор.0ОЗ0Атк0Зщт0Сп.Атк0Сп.Зщт0Скор.,50%/50%,Mineral20циклов,50НеизвестноGen. IVНеизвестноIV250,,КоричневыйФайл:0934.ogg,,,,
サーナイト / Saanaito,Психический/Волшебный,Embrace,SynchronizeTraceTelepathy(dw),Кирлия← 0282 →Сурскит,—,—,—,—,—,—,—,—,,,,50%/50 %,1.6 м.48.4 кг.,AmorphousHuman-Like,,http://pokemon.wikia.com/wiki/File:0282.ogg,Гардевуар,https://pokemon.fandom.com/ru/wiki/%D0%93%D0%B0%D1%80%D0%B4%D0%B5%D0%B2%D1%83%D0%B0%D1%80,,,,,,,,,,,,,
ガブリアス / Gaburiasu,Драконий/Земляной,Mach,Sand VeilRough Skin(dw),Габайт← 0445 →Манчлакс,—,—,—,—,—,—,—,—,,,,50%/50 %,1.9 м.95.0 кг.,MonsterDragon,,http://pokemon.wikia.com/wiki/File:0445.ogg,Гарчомп,https://pokemon.fandom.com/ru/wiki/%D0%93%D0%B0%D1%80%D1%87%D0%BE%D0%BC%D0%BF,,,,,,,,,,,,,
ゴース / Goosu,Призрачный/Ядовитый,Gas,Levitate,Клойстер← 0092 →Хонтер,0092,—,—,—,—,—,—,—,,,,50%/50 %,1.3 м.0.1 кг.,Amorphous,,http://pokemon.wikia.com/wiki/File:0092.ogg,Гастли,https://pokemon.fandom.com/ru/wiki/%D0%93%D0%B0%D1%81%D1%82%D0%BB%D0%B8,,,,,,,,,,,,,
Tritodon,,,Sticky Hold/Storm DrainCacophonyCacophonySand Force(скрытая способность)Cacophony(скрытая способность)CacophonyCacophony,Шеллос← 0423 →Эмбипом,,,,,,,,,,,,,0.9 м29.9 кг,,,,Гастродон,https://pokemon.fandom.com/ru/wiki/%D0%93%D0%B0%D1%81%D1%82%D1%80%D0%BE%D0%B4%D0%BE%D0%BD,,,75(17.5%)Средне-быстрая,Всего: 2Gastrodon:2ОЗ0Атк0Зщт0Сп.Атк0Сп.Зщт0Скор.0ОЗ0Атк0Зщт0Сп.Атк0Сп.Зщт0Скор.0ОЗ0Атк0Зщт0Сп.Атк0Сп.Зщт0Скор.0ОЗ0Атк0Зщт0Сп.Атк0Сп.Зщт0Скор.,50%/50%,,70176Gen. IVНеизвестноIV166V+,,ФиолетовыйДругие формы могут иметь другие цвета.http://pokemon.wikia.com/wiki/File:0423.ogg,,Water 1/Amorphous20циклов,Водный/Земляной,
ギャラドス / Gyaradosu,Водный/Летающий,Atrocious,IntimidateMoxie(dw),Мэджикарп← 0130 →Лапрас,0130,—,—,—,—,—,—,—,,,,50%/50 %,6.5 м.235.0 кг.,Water 2Dragon,,http://pokemon.wikia.com/wiki/File:0130.ogg,Гаярадос,https://pokemon.fandom.com/ru/wiki/%D0%93%D0%B0%D1%8F%D1%80%D0%B0%D0%B4%D0%BE%D1%81,,,,,,,,,,,,,
Gangar,,,Cursed BodyGen VII+GengarCacophonyMega GengarCacophonyGigantamax GengarCacophony(скрытая способность)Cacophony(скрытая способность)Shadow TagMega GengarCacophonyGigantamax GengarLevitateGengar Gen III-VI,Хонтер← 0094 →Оникс,,,,,,,,,,,,,1.5 м40.5 кг,,,,Генгар,https://pokemon.fandom.com/ru/wiki/%D0%93%D0%B5%D0%BD%D0%B3%D0%B0%D1%80,,,45(11.9%)Средне-медленная,Всего: 3Gengar:0ОЗ0Атк0Зщт3Сп.Атк0Сп.Зщт0Скор.Mega Gengar:0ОЗ0Атк0Зщт0Сп.Атк0Сп.Зщт0Скор.Gigantamax Gengar:0ОЗ0Атк0Зщт0Сп.Атк0Сп.Зщт0Скор.0ОЗ0Атк0Зщт0Сп.Атк0Сп.Зщт0Скор.,50%/50%,Amorphous20циклов,70190Gen. I-IVНеизвестноIV225V+,,Фиолетовыйhttp://pokemon.wikia.com/wiki/File:0094.ogg,Mega GengarGigantamax Gengar,,Призрачный/Ядовитый,
ゲノセクト / Genosekuto,Насекомый/Стальной,Paleozoic,Download,Мелоэтта← 0649 →Чеспин,—,—,—,—,—,—,—,—,,,,Бесполое,1.5 м.82.5 кг.,,,http://pokemon.wikia.com/wiki/File:0649.ogg,Генесект,https://pokemon.fandom.com/ru/wiki/%D0%93%D0%B5%D0%BD%D0%B5%D1%81%D0%B5%D0%BA%D1%82,,,,,,,,,,,,,
イシツブテ / Ishitsubute,Каменный/Земляной,Каменный,Rock HeadSturdySand Veil(dw),Тентакруэль← 0074 →Гравелер,0074,—,—,—,—,—,—,—,,,,50%/50 %,0.4 м.20.0 кг.,Mineral,,http://pokemon.wikia.com/wiki/File:0074.ogg,Геодуд,https://pokemon.fandom.com/ru/wiki/%D0%93%D0%B5%D0%BE%D0%B4%D1%83%D0%B4,,,,,,,,,,,,,
ヘラクロス / Herakurosu,Насекомый/Боевой,Single Horn,GutsSwarmMoxie(dw),Шакл← 0214 →Снизл,—,—,—,—,—,—,—,—,,,,50%/50 %,1.5 м.54.0 кг.,Bug,,http://pokemon.wikia.com/wiki/File:0214.ogg,Геракросс,https://pokemon.fandom.com/ru/wiki/%D0%93%D0%B5%D1%80%D0%B0%D0%BA%D1%80%D0%BE%D1%81%D1%81,,,,,,,,,,,,,
フカマル / Fukamaru,Драконий/Земляной,Land Shark,Sand VeilRough Skin(dw),Спиритомб← 0443 →Габайт,—,—,—,—,—,—,—,—,,,,50%/50 %,0.7 м.20.5 кг.,MonsterDragon,,http://pokemon.wikia.com/wiki/File:0443.ogg,Гибл,https://pokemon.fandom.com/ru/wiki/%D0%93%D0%B8%D0%B1%D0%BB,,,,,,,,,,,,,
ギガイアス / Gigaiasu,Каменный,Compressed,SturdySand StreamSand Force(dw),Болдор← 0526 →Вубат,—,—,—,—,—,—,—,—,,,,50%/50 %,1.7 м.260.0 кг.,Mineral,,http://pokemon.wikia.com/wiki/File:0526.ogg,Гигалит,https://pokemon.fandom.com/ru/wiki/%D0%93%D0%B8%D0%B3%D0%B0%D0%BB%D0%B8%D1%82,,,,,,,,,,,,,
サザンドラ / Sazandora,Тёмный/Драконий,Brutal,Levitate,Звайлос← 0635 →Ларвеста,—,—,—,—,—,—,—,—,,,,50%/50 %,1.8 м.160.0 кг.,Dragon,,http://pokemon.wikia.com/wiki/File:0635.ogg,Гидрайгон,https://pokemon.fandom.com/ru/wiki/%D0%93%D0%B8%D0%B4%D1%80%D0%B0%D0%B9%D0%B3%D0%BE%D0%BD,,,,,,,,,,,,,
Kamitsuorochi,,,Supersweet Syrup/RegeneratorCacophonyCacophonySticky Hold(скрытая способность)Cacophony(скрытая способность)CacophonyCacophony,Архалудон← 1019 →Выжигающий Огонь,,,,,,,,,,,,,1.8 м93.0 кг,,,,Гидрэпл,https://pokemon.fandom.com/ru/wiki/%D0%93%D0%B8%D0%B4%D1%80%D1%8D%D0%BF%D0%BB,,,10(3.9%)Эрратическая,Всего: 3Hydrapple:0ОЗ0Атк0Зщт3Сп.Атк0Сп.Зщт0Скор.0ОЗ0Атк0Зщт0Сп.Атк0Сп.Зщт0Скор.0ОЗ0Атк0Зщт0Сп.Атк0Сп.Зщт0Скор.0ОЗ0Атк0Зщт0Сп.Атк0Сп.Зщт0Скор.,50%/50%,,50НеизвестноGen. IVНеизвестноIV270,,ЗелёныйФайл:1019.ogg,,Grass/Dragon20циклов,Травяной/Драконий,
Collecurei,,,RattledChest FormRun AwayRoaming FormCacophony(скрытая способность)Cacophony(скрытая способность)CacophonyRoaming FormCacophony,Бакскалибур← 0999 →Голденго,,,,,,,,,,,,,0.3 м5.0 кг,,,,Гиммигул,https://pokemon.fandom.com/ru/wiki/%D0%93%D0%B8%D0%BC%D0%BC%D0%B8%D0%B3%D1%83%D0%BB,,Призрачный,45(11.9%)Медленная,Всего: 1Chest Form:0ОЗ0Атк0Зщт1Сп.Атк0Сп.Зщт0Скор.Roaming Form:0ОЗ0Атк0Зщт0Сп.Атк0Сп.Зщт0Скор.0ОЗ0Атк0Зщт0Сп.Атк0Сп.Зщт0Скор.0ОЗ0Атк0Зщт0Сп.Атк0Сп.Зщт0Скор.,,No Eggs Discovered50цикловЯйцо невозможно получить,50НеизвестноGen. IVНеизвестноIV60,,КрасныйДругие формы могут иметь другие цвета.Файл:0999.ogg,Roaming Form,,,
スリーパー / Suriipaa,Психический,Hypnosis,InsomniaForewarnInner Focus(dw),Дроузи← 0097 →Крабби,0097,—,—,—,—,—,—,—,,,,50%/50 %,1.6 м.75.6 кг.,Human-Like,,http://pokemon.wikia.com/wiki/File:0097.ogg,Гипно,https://pokemon.fandom.com/ru/wiki/%D0%93%D0%B8%D0%BF%D0%BD%D0%BE,,,,,,,,,,,,,
Kabaldon,,,Sand StreamCacophonyFemaleCacophonySand Force(скрытая способность)Cacophony(скрытая способность)CacophonyFemaleCacophony,Хиппопотас← 0450 →Скорупи,,,,,,,,,,,,,2.0 м300.0 кг,,,,Гипподон,https://pokemon.fandom.com/ru/wiki/%D0%93%D0%B8%D0%BF%D0%BF%D0%BE%D0%B4%D0%BE%D0%BD,,Земляной,60(14.8%)Медленная,Всего: 2Male:0ОЗ0Атк2Зщт0Сп.Атк0Сп.Зщт0Скор.Female:0ОЗ0Атк0Зщт0Сп.Атк0Сп.Зщт0Скор.0ОЗ0Атк0Зщт0Сп.Атк0Сп.Зщт0Скор.0ОЗ0Атк0Зщт0Сп.Атк0Сп.Зщт0Скор.,50%/50%,Field30циклов,70198Gen. IVНеизвестноIV184V+,,Коричневыйhttp://pokemon.wikia.com/wiki/File:0450.ogg,Female,,,
ギラティナ / Giratina,Призрачный/Драконий,Renegade,PressureTelepathy(dw),Реджигигас← 0487 →Кресселия,—,—,—,210,—,—,—,—,,,,Бесполое,4.5 м.750.0 кг.,,,http://pokemon.wikia.com/wiki/File:0487.ogg,Гиратина,https://pokemon.fandom.com/ru/wiki/%D0%93%D0%B8%D1%80%D0%B0%D1%82%D0%B8%D0%BD%D0%B0,,,,,,,,,,,,,
グライガー / Guraigaa,Земляной/Летающий,Flyscorpion,Hyper CutterSand VeilImmunity(dw),Данспарс← 0207 →Стиликс,—,—,—,—,—,—,—,—,,,,50%/50 %,1.1 м.64.8 кг.,Bug,,http://pokemon.wikia.com/wiki/File:0207.ogg,Глайгар,https://pokemon.fandom.com/ru/wiki/%D0%93%D0%BB%D0%B0%D0%B9%D0%B3%D0%B0%D1%80,,,,,,,,,,,,,
グライオン / Guraion,Земляной/Летающий,Fang Scorp,Sand VeilHyper CutterPoison Heal(dw),Гласеон← 0472 →Мамосвайн,—,—,—,—,—,—,—,—,,,,50%/50 %,2.0 м.42.5 кг.,Bug,,http://pokemon.wikia.com/wiki/File:0472.ogg,Глайскор,https://pokemon.fandom.com/ru/wiki/%D0%93%D0%BB%D0%B0%D0%B9%D1%81%D0%BA%D0%BE%D1%80,,,,,,,,,,,,,
