Японское имя,Тип(-ы),Номера в покедексе,Линия эволюции,Пол,Рост,Вес,Цвет в покедексе,Яйцо,Форма тела,Отпечаток лапы,Крик,Эволюция из,Эволюция в,Имя,Ссылка,Тип,Способности,Скорость поимки,Скорость развития,Доходность EV,Соотношение полов,Яйцевая группа,Вылупление,Базовая дружба с тренером,Базовый доход опыта,Альтернативные формы,Яйцевые группы,Типы,Способность
ユキノオー / Yukino'oo,Травяной/Ледяной,Сновер← 0460 →Вивайл,,50%/50 %,2.2 м.,135.5 кг.,,MonsterGrass,,,http://pokemon.wikia.com/wiki/File:0460.ogg,,,Абомасноу,https://pokemon.fandom.com/ru/wiki/%D0%90%D0%B1%D0%BE%D0%BC%D0%B0%D1%81%D0%BD%D0%BE%D1%83,,,,,,,,,,,,,,
ケーシィ / Keeshyi,Психический,Поливрат← 0063 →Кадабра,,75%/25 %,0.9 м.,19.5 кг.,,Human-Like,,,http://pokemon.wikia.com/wiki/File:0063.ogg,,,Абра,https://pokemon.fandom.com/ru/wiki/%D0%90%D0%B1%D1%80%D0%B0,,,,,,,,,,,,,,
アブソル / Abusoru,Тёмный,Чаймеко← 0359 →Вайнот,,50%/50 %,1.2 м.,47.0 кг.,,Field,,,http://pokemon.wikia.com/wiki/File:0359.ogg,,,Абсол,https://pokemon.fandom.com/ru/wiki/%D0%90%D0%B1%D1%81%D0%BE%D0%BB,,,,,,,,,,,,,,
クレベース / Kurebeesu,Ледяной,Бергмайт← 0713 →Нойбат,,50%/50 %,2.0 м.,505.0 кг.,,MonsterMineral,,,http://pokemon.wikia.com/wiki/File:0713.ogg,,,Авалугг,https://pokemon.fandom.com/ru/wiki/%D0%90%D0%B2%D0%B0%D0%BB%D1%83%D0%B3%D0%B3,,,,,,,,,,,,,,
アマルルガ / Amaruruga,Каменный/Ледяной,Амаура← 0699 →Сильвеон,,87.5%/12.5 %,2.7 м.,225.0 кг.,,Monster,,,http://pokemon.wikia.com/wiki/File:0699.ogg,,,Авророс,https://pokemon.fandom.com/ru/wiki/%D0%90%D0%B2%D1%80%D0%BE%D1%80%D0%BE%D1%81,,,,,,,,,,,,,,
ボスゴドラ / Bosugodora,Стальной/Каменный,Лайрон← 0306 →Медитайт,,50%/50 %,2.1 м.,360.0 кг.,,Monster,,,http://pokemon.wikia.com/wiki/File:0306.ogg,,,Аггрон,https://pokemon.fandom.com/ru/wiki/%D0%90%D0%B3%D0%B3%D1%80%D0%BE%D0%BD,,,,,,,,,,,,,,
ギルガルド / Girugarudo,Стальной/Призрачный,Даблейд← 0681 →Спритци,,50%/50 %,1.7 м.,53.0 кг.,,Mineral,,,http://pokemon.wikia.com/wiki/File:0681.ogg,,,Аегислэш,https://pokemon.fandom.com/ru/wiki/%D0%90%D0%B5%D0%B3%D0%B8%D1%81%D0%BB%D1%8D%D1%88,,,,,,,,,,,,,,
アグノム / Agunomu,Психический,Месприт← 0482 →Диалга,,Бесполое,0.3 м.,0.3 кг.,,,,,http://pokemon.wikia.com/wiki/File:0482.ogg,,,Азельф,https://pokemon.fandom.com/ru/wiki/%D0%90%D0%B7%D0%B5%D0%BB%D1%8C%D1%84,,,,,,,,,,,,,,
マリルリ / Mariruri,Водный/Волшебный,Мэрилл← 0184 →Судовудо,Файл:0Marill184.png,50%/50 %,0.8 м.,28.5 кг.,,Water 1Fairy,,,http://pokemon.wikia.com/wiki/File:0184.ogg,,,Азумарилл,https://pokemon.fandom.com/ru/wiki/%D0%90%D0%B7%D1%83%D0%BC%D0%B0%D1%80%D0%B8%D0%BB%D0%BB,,,,,,,,,,,,,,
ルリリ / Ruriri,Нормальный/Волшебный,Харияма← 0298 →Носпас,,25%/75 %,0.2 м.,2.0 кг.,,,,,http://pokemon.wikia.com/wiki/File:0298.ogg,,,Азурилл,https://pokemon.fandom.com/ru/wiki/%D0%90%D0%B7%D1%83%D1%80%D0%B8%D0%BB%D0%BB,,,,,,,,,,,,,,
Agilder,,Шелмет← 0617 →Станфиск,Файл:0Shelmet617.png,,0.8 м,25.3 кг,Красный,,,,http://pokemon.wikia.com/wiki/File:0617.ogg,,,Аксельгор,https://pokemon.fandom.com/ru/wiki/%D0%90%D0%BA%D1%81%D0%B5%D0%BB%D1%8C%D0%B3%D0%BE%D1%80,Насекомый,Hydration/Sticky HoldCacophonyCacophonyUnburden(скрытая способность)Cacophony(скрытая способность)CacophonyCacophony,75(17.5%),Средне-быстрая,Всего: 2Accelgor:0ОЗ0Атк0Зщт0Сп.Атк0Сп.Зщт2Скор.0ОЗ0Атк0Зщт0Сп.Атк0Сп.Зщт0Скор.0ОЗ0Атк0Зщт0Сп.Атк0Сп.Зщт0Скор.0ОЗ0Атк0Зщт0Сп.Атк0Сп.Зщт0Скор.,50%/50%,Bug,15циклов,70,НеизвестноGen. IVНеизвестноIV173,,,,
Foodin,,Кадабра← 0065 →Мачоп,Файл:0AlakMS.png,,1.5 м,48.0 кг,Коричневый,,,,http://pokemon.wikia.com/wiki/File:0065.ogg,,,Алаказам,https://pokemon.fandom.com/ru/wiki/%D0%90%D0%BB%D0%B0%D0%BA%D0%B0%D0%B7%D0%B0%D0%BC,Психический,Synchronize/Inner FocusAlakazamCacophonyМега АлаказамCacophonyMagic Guard(скрытая способность)Cacophony(скрытая способность)TraceМега АлаказамCacophony,50(12.9%),Средне-медленная,Всего: 3Alakazam:0ОЗ0Атк0Зщт3Сп.Атк0Сп.Зщт0Скор.Мега Алаказам:0ОЗ0Атк0Зщт0Сп.Атк0Сп.Зщт0Скор.0ОЗ0Атк0Зщт0Сп.Атк0Сп.Зщт0Скор.0ОЗ0Атк0Зщт0Сп.Атк0Сп.Зщт0Скор.,75%/25%,Human-Like,20циклов,70,186Gen. I-IVНеизвестноIV225V+,Мега Алаказам,,,
マホイップ / Mahoippu,Волшебный,Милсери← 0869 →Фалинкс,,0%/100 %,0.3 м.,0.5 кг.,,FairyAmorphous,,Файл:F0869.png,Файл:0869.ogg,,,Алкреми,https://pokemon.fandom.com/ru/wiki/%D0%90%D0%BB%D0%BA%D1%80%D0%B5%D0%BC%D0%B8,,,,,,,,,,,,,,
Mamanbou,,Джеллисент← 0594 →Джолтик,,,1.2 м,31.6 кг,Розовый,,,,http://pokemon.wikia.com/wiki/File:0594.ogg,,,Аломомола,https://pokemon.fandom.com/ru/wiki/%D0%90%D0%BB%D0%BE%D0%BC%D0%BE%D0%BC%D0%BE%D0%BB%D0%B0,Водный,Healer/HydrationCacophonyCacophonyRegenerator(скрытая способность)Cacophony(скрытая способность)CacophonyCacophony,75(17.5%),Быстрая,Всего: 2Alomomola:2ОЗ0Атк0Зщт0Сп.Атк0Сп.Зщт0Скор.0ОЗ0Атк0Зщт0Сп.Атк0Сп.Зщт0Скор.0ОЗ0Атк0Зщт0Сп.Атк0Сп.Зщт0Скор.0ОЗ0Атк0Зщт0Сп.Атк0Сп.Зщт0Скор.,50%/50%,,40циклов,70,НеизвестноGen. IVНеизвестноIV165,,Water 1/Water 2,,
チルタリス / Chirutarisu,Драконий/Летающий,Сваблу← 0334 →Зангус,,50%/50 %,1.1 м.,20.6 кг.,,FlyingDragon,,,http://pokemon.wikia.com/wiki/File:0334.ogg,,,Алтария,https://pokemon.fandom.com/ru/wiki/%D0%90%D0%BB%D1%82%D0%B0%D1%80%D0%B8%D1%8F,,,,,,,,,,,,,,
アマルス / Amarusu,Каменный/Ледяной,Тайрантрум← 0698 →Авророс,,87.5%/12.5 %,1.3 м.,25.2 кг.,,Monster,,,http://pokemon.wikia.com/wiki/File:0698.ogg,,,Амаура,https://pokemon.fandom.com/ru/wiki/%D0%90%D0%BC%D0%B0%D1%83%D1%80%D0%B0,,,,,,,,,,,,,,
ブラッキー / Burakkii,Тёмный,Эспеон← 0197 →Маркроу,,87.5%/12.5 %,1.0 м.,27.0 кг.,,Field,,,http://pokemon.wikia.com/wiki/File:0197.ogg,,,Амбреон,https://pokemon.fandom.com/ru/wiki/%D0%90%D0%BC%D0%B1%D1%80%D0%B5%D0%BE%D0%BD,,,,,,,,,,,,,,
モロバレル / Morobareru,Травяной/Ядовитый,Фунгус← 0591 →Фриллиш,,50%/50 %,0.6 м.,10.5 кг.,,Grass,,,http://pokemon.wikia.com/wiki/File:0591.ogg,,,Амунгус,https://pokemon.fandom.com/ru/wiki/%D0%90%D0%BC%D1%83%D0%BD%D0%B3%D1%83%D1%81,,,,,,,,,,,,,,
デンリュウ / Denryuu,Электрический,Флааффи← 0181 →Беллоссом,,50%/50 %,1.4 м.,61.5 кг.,,MonsterField,,,http://pokemon.wikia.com/wiki/File:0181.ogg,,,Амфарос,https://pokemon.fandom.com/ru/wiki/%D0%90%D0%BC%D1%84%D0%B0%D1%80%D0%BE%D1%81,,,,,,,,,,,,,,
Konoyozaru,,Тацугири← 0979 →Клодсайр,,,1.2 м,56.0 кг,Серый,,,,Файл:0979.ogg,,,Аннигилейп,https://pokemon.fandom.com/ru/wiki/%D0%90%D0%BD%D0%BD%D0%B8%D0%B3%D0%B8%D0%BB%D0%B5%D0%B9%D0%BF,,Vital Spirit/Inner FocusCacophonyCacophonyDefiant(скрытая способность)Cacophony(скрытая способность)CacophonyCacophony,45(11.9%),Средне-быстрая,Всего: 3Annihilape:0ОЗ3Атк0Зщт0Сп.Атк0Сп.Зщт0Скор.0ОЗ0Атк0Зщт0Сп.Атк0Сп.Зщт0Скор.0ОЗ0Атк0Зщт0Сп.Атк0Сп.Зщт0Скор.0ОЗ0Атк0Зщт0Сп.Атк0Сп.Зщт0Скор.,50%/50%,Field,20циклов,50,НеизвестноGen. IVНеизвестноIV268,,,Боевой/Призрачный,
アノプス / Anopusu,Каменный/Насекомый,Крадили← 0347 →Армальдо,,87.5%/12.5 %,0.7 м.,12.5 кг.,,Water 3,,,http://pokemon.wikia.com/wiki/File:0347.ogg,,,Анорит,https://pokemon.fandom.com/ru/wiki/%D0%90%D0%BD%D0%BE%D1%80%D0%B8%D1%82,,,,,,,,,,,,,,
アンノーン / Annoon,Психический,Мисдривус← 0201 →Воббаффет,,Бесполое,0.5 м.,5.0 кг.,,,,,http://pokemon.wikia.com/wiki/File:0201.ogg,,,Аноун,https://pokemon.fandom.com/ru/wiki/%D0%90%D0%BD%D0%BE%D1%83%D0%BD,,,,,,,,,,,,,,
Kenhallow,,Транквилл← 0521 →Блитзл,,,1.2 м,29.0 кг,Серый,,,,http://pokemon.wikia.com/wiki/File:0521.ogg,,,Анфезант,https://pokemon.fandom.com/ru/wiki/%D0%90%D0%BD%D1%84%D0%B5%D0%B7%D0%B0%D0%BD%D1%82,,Big Pecks/Super LuckCacophonyCacophonyRivalry(скрытая способность)Cacophony(скрытая способность)CacophonyCacophony,45(11.9%),Средне-медленная,Всего: 3Unfezant:0ОЗ3Атк0Зщт0Сп.Атк0Сп.Зщт0Скор.0ОЗ0Атк0Зщт0Сп.Атк0Сп.Зщт0Скор.0ОЗ0Атк0Зщт0Сп.Атк0Сп.Зщт0Скор.0ОЗ0Атк0Зщт0Сп.Атк0Сп.Зщт0Скор.,50%/50%,Flying,15циклов,70,НеизвестноGen. IVНеизвестноIV220,,,Нормальный/Летающий,
オニシズクモ / Onishizukumo,Водный/Насекомый,Дюпайдер← 0752 →Фомантис,,50%/50 %,1.8 м.,82.0 кг.,,Water 1Bug,,Файл:F0752.png,Файл:0752.ogg,,,Аракванид,https://pokemon.fandom.com/ru/wiki/%D0%90%D1%80%D0%B0%D0%BA%D0%B2%D0%B0%D0%BD%D0%B8%D0%B4,,,,,,,,,,,,,,
Arbok,,Эканс← 0024 →Пикачу,,,3.5 м,65.0 кг,Фиолетовый,,,,http://pokemon.wikia.com/wiki/File:0024.ogg,,,Арбок,https://pokemon.fandom.com/ru/wiki/%D0%90%D1%80%D0%B1%D0%BE%D0%BA,Ядовитый,Устрашение/Сброс кожиCacophonyCacophonyНервирование(скрытая способность)Cacophony(скрытая способность)CacophonyCacophony,90(20.1%),Средне-быстрая,Всего: 2Arbok:0ОЗ2Атк0Зщт0Сп.Атк0Сп.Зщт0Скор.0ОЗ0Атк0Зщт0Сп.Атк0Сп.Зщт0Скор.0ОЗ0Атк0Зщт0Сп.Атк0Сп.Зщт0Скор.0ОЗ0Атк0Зщт0Сп.Атк0Сп.Зщт0Скор.,50%/50%,,20циклов,70,147Gen. I-IVНеизвестноIV157V+,,Field/Dragon,,
Oliva,,Доллив← 0930 →Сквакабилли,,,1.4 м,48.2 кг,Зелёный,,,,Файл:0930.ogg,,,Арболива,https://pokemon.fandom.com/ru/wiki/%D0%90%D1%80%D0%B1%D0%BE%D0%BB%D0%B8%D0%B2%D0%B0,,Seed SowerCacophonyCacophonyHarvest(скрытая способность)Cacophony(скрытая способность)CacophonyCacophony,45(11.9%),Средне-медленная,Всего: 3Arboliva:0ОЗ0Атк0Зщт3Сп.Атк0Сп.Зщт0Скор.0ОЗ0Атк0Зщт0Сп.Атк0Сп.Зщт0Скор.0ОЗ0Атк0Зщт0Сп.Атк0Сп.Зщт0Скор.0ОЗ0Атк0Зщт0Сп.Атк0Сп.Зщт0Скор.,50%/50%,Grass,20циклов,50,НеизвестноGen. IVНеизвестноIV255,,,Травяной/Нормальный,
アリアドス / Ariadosu,Насекомый/Ядовитый,Спинарак← 0168 →Кробат,,50%/50 %,1.1 м.,33.5 кг.,,Bug,,,http://pokemon.wikia.com/wiki/File:0168.ogg,,,Ариадос,https://pokemon.fandom.com/ru/wiki/%D0%90%D1%80%D0%B8%D0%B0%D0%B4%D0%BE%D1%81,,,,,,,,,,,,,,
ウインディ / Uindi,Огненный,Гроулит← 0059 →Поливаг,,75%/25 %,1.9 м.,155.0 кг.,,Field,,,http://pokemon.wikia.com/wiki/File:0059.ogg,,,Арканайн,https://pokemon.fandom.com/ru/wiki/%D0%90%D1%80%D0%BA%D0%B0%D0%BD%D0%B0%D0%B9%D0%BD,,,,,,,,,,,,,,
アルセウス / Aruseusu,Нормальный,Шеймин← 0493 →Виктини,,Бесполое,3.2 м.,320.0 кг.,,,,,http://pokemon.wikia.com/wiki/File:0493.ogg,,,Аркеус,https://pokemon.fandom.com/ru/wiki/%D0%90%D1%80%D0%BA%D0%B5%D1%83%D1%81,,,,,,,,,,,,,,
Segohru,,Фриджибакс← 0997 →Бакскалибур,,,0.8 м,30.0 кг,Синий,,,,Файл:0997.ogg,,,Арктибакс,https://pokemon.fandom.com/ru/wiki/%D0%90%D1%80%D0%BA%D1%82%D0%B8%D0%B1%D0%B0%D0%BA%D1%81,,Thermal ExchangeCacophonyCacophonyIce Body(скрытая способность)Cacophony(скрытая способность)CacophonyCacophony,25(7.7%),Медленная,Всего: 2Arctibax:0ОЗ2Атк0Зщт0Сп.Атк0Сп.Зщт0Скор.0ОЗ0Атк0Зщт0Сп.Атк0Сп.Зщт0Скор.0ОЗ0Атк0Зщт0Сп.Атк0Сп.Зщт0Скор.0ОЗ0Атк0Зщт0Сп.Атк0Сп.Зщт0Скор.,50%/50%,,40циклов,50,НеизвестноGen. IVНеизвестноIV148,,Dragon/Mineral,Драконий/Ледяной,
ウオチルドン / Uochirudon,Водный/Ледяной,Драковиш← 0883 →Дюралюдон,,Бесполое,2.0 м.,175.0 кг.,,Undiscovered,,Файл:F0883.png,Файл:0883.ogg,,,Арктовиш,https://pokemon.fandom.com/ru/wiki/%D0%90%D1%80%D0%BA%D1%82%D0%BE%D0%B2%D0%B8%D1%88,,,,,,,,,,,,,,
パッチルドン / Patchirudon,Электрический/Ледяной,Дракозолт← 0881 →Драковиш,,Бесполое,2.3 м.,150.0 кг.,,Undiscovered,,Файл:F0881.png,Файл:0881.ogg,,,Арктозолт,https://pokemon.fandom.com/ru/wiki/%D0%90%D1%80%D0%BA%D1%82%D0%BE%D0%B7%D0%BE%D0%BB%D1%82,,,,,,,,,,,,,,
アーマルド / Aamarudo,Каменный/Насекомый,Анорит← 0348 →Фибас,,87.5%/12.5 %,1.5 м.,68.2 кг.,,Water 3,,,http://pokemon.wikia.com/wiki/File:0348.ogg,,,Армальдо,https://pokemon.fandom.com/ru/wiki/%D0%90%D1%80%D0%BC%D0%B0%D0%BB%D1%8C%D0%B4%D0%BE,,,,,,,,,,,,,,
Gurenarma,,Чаркадет← 0936 →Серуледж,,,1.5 м,85.0 кг,Красный,,,,Файл:0936.ogg,,,Армаруж,https://pokemon.fandom.com/ru/wiki/%D0%90%D1%80%D0%BC%D0%B0%D1%80%D1%83%D0%B6,,Flash FireCacophonyCacophonyWeak Armor(скрытая способность)Cacophony(скрытая способность)CacophonyCacophony,25(7.7%),Медленная,Всего: 2Armarouge:0ОЗ0Атк0Зщт2Сп.Атк0Сп.Зщт0Скор.0ОЗ0Атк0Зщт0Сп.Атк0Сп.Зщт0Скор.0ОЗ0Атк0Зщт0Сп.Атк0Сп.Зщт0Скор.0ОЗ0Атк0Зщт0Сп.Атк0Сп.Зщт0Скор.,50%/50%,Human-Like,35циклов,20,НеизвестноGen. IVНеизвестноIV263,,,Огненный/Психический,
フレフワン / Furefuwan,Волшебный,Спритци← 0683 →Свирликс,,50%/50 %,0.8 м.,15.5 кг.,,Fairy,,,http://pokemon.wikia.com/wiki/File:0683.ogg,,,Ароматисс,https://pokemon.fandom.com/ru/wiki/%D0%90%D1%80%D0%BE%D0%BC%D0%B0%D1%82%D0%B8%D1%81%D1%81,,,,,,,,,,,,,,
ココドラ / Kokodora,Стальной/Каменный,Мавайл← 0304 →Лайрон,,50%/50 %,0.4 м.,60.0 кг.,,Monster,,,http://pokemon.wikia.com/wiki/File:0304.ogg,,,Арон,https://pokemon.fandom.com/ru/wiki/%D0%90%D1%80%D0%BE%D0%BD,,,,,,,,,,,,,,
サシカマス / Sashikamasu,Водный,Краморант← 0846 →Барраскуда,,50%/50 %,0.5 м.,1.0 кг.,,Water 2,,Файл:F0846.png,Файл:0846.ogg,,,Аррокуда,https://pokemon.fandom.com/ru/wiki/%D0%90%D1%80%D1%80%D0%BE%D0%BA%D1%83%D0%B4%D0%B0,,,,,,,,,,,,,,
フリーザー / Furiizaa,Ледяной/Летающий,Снорлакс← 0144 →Запдос,,Бесполое,1.7 м.,55.4 кг.,,,,,http://pokemon.wikia.com/wiki/File:0144.ogg,,,Артикуно,https://pokemon.fandom.com/ru/wiki/%D0%90%D1%80%D1%82%D0%B8%D0%BA%D1%83%D0%BD%D0%BE,,,,,,,,,,,,,,
Briduras,,Огерпон← 1018 →Гидрэпл,,,2.0 м,60.0 кг,Белый,,,,Файл:1018.ogg,,,Архалудон,https://pokemon.fandom.com/ru/wiki/%D0%90%D1%80%D1%85%D0%B0%D0%BB%D1%83%D0%B4%D0%BE%D0%BD,,Stamina/SturdyCacophonyCacophonyStalwart(скрытая способность)Cacophony(скрытая способность)CacophonyCacophony,10(3.9%),Средне-быстрая,Всего: 3Archaludon:0ОЗ0Атк3Зщт0Сп.Атк0Сп.Зщт0Скор.0ОЗ0Атк0Зщт0Сп.Атк0Сп.Зщт0Скор.0ОЗ0Атк0Зщт0Сп.Атк0Сп.Зщт0Скор.0ОЗ0Атк0Зщт0Сп.Атк0Сп.Зщт0Скор.,50%/50%,,30циклов,50,НеизвестноGen. IVНеизвестноIV300,,Mineral/Dragon,Стальной/Драконий,
アーケオス / Aakeosu,Каменный/Летающий,Арчен← 0567 →Траббиш,,87.5%/12.5 %,1.4 м.,32.0 кг.,,FlyingWater 3,,,http://pokemon.wikia.com/wiki/File:0567.ogg,,,Археопс,https://pokemon.fandom.com/ru/wiki/%D0%90%D1%80%D1%85%D0%B5%D0%BE%D0%BF%D1%81,,,,,,,,,,,,,,
アーケン / Aaken,Каменный/Летающий,Карракоста← 0566 →Археопс,,87.5%/12.5 %,0.5 м.,9.5 кг.,,FlyingWater 3,,,http://pokemon.wikia.com/wiki/File:0566.ogg,,,Арчен,https://pokemon.fandom.com/ru/wiki/%D0%90%D1%80%D1%87%D0%B5%D0%BD,,,,,,,,,,,,,,
タブンネ / Tabunne,Нормальный,Экскадрилл← 0531 →Тимбурр,,50%/50 %,1.1 м,31 кг,,Волшебные,,,http://pokemon.wikia.com/wiki/File:0531.ogg,,,Аудино,https://pokemon.fandom.com/ru/wiki/%D0%90%D1%83%D0%B4%D0%B8%D0%BD%D0%BE,,,,,,,,,,,,,,
プテラ / Putera,Каменный/Летающий,Кабутопс← 0142 →Снорлакс,,87.5%/12.5 %,1.8 м.,59.0 кг.,,Flying,,,http://pokemon.wikia.com/wiki/File:0142.ogg,,,Аэродактиль,https://pokemon.fandom.com/ru/wiki/%D0%90%D1%8D%D1%80%D0%BE%D0%B4%D0%B0%D0%BA%D1%82%D0%B8%D0%BB%D1%8C,,,,,,,,,,,,,,
スボミー / Subomii,Травяной/Ядовитый,Лаксрэй← 0406 →Роузрэйд,,50%/50 %,0.2 м.,1.2 кг.,,,,,http://pokemon.wikia.com/wiki/File:0406.ogg,,,Бадью,https://pokemon.fandom.com/ru/wiki/%D0%91%D0%B0%D0%B4%D1%8C%D1%8E,,,,,,,,,,,,,,
マッシブーン / Masshibuun,Насекомый/Боевой,Нихилего← 0794 →Феромоса,,Бесполое,2.4 м.,333.6 кг.,,Undiscovered,,Файл:F0794.png,Файл:0794.ogg,,,Баззвол,https://pokemon.fandom.com/ru/wiki/%D0%91%D0%B0%D0%B7%D0%B7%D0%B2%D0%BE%D0%BB,,,,,,,,,,,,,,
カメテテ / Kametete,Каменный/Водный,Маламар← 0688 →Барбаракл,,50%/50 %,0.5 м.,31.0 кг.,,Water 3,,,http://pokemon.wikia.com/wiki/File:0688.ogg,,,Байнакл,https://pokemon.fandom.com/ru/wiki/%D0%91%D0%B0%D0%B9%D0%BD%D0%B0%D0%BA%D0%BB,,,,,,,,,,,,,,
Seglaive,,Арктибакс← 0998 →Гиммигул,,,2.1 м,210.0 кг,Синий,,,,Файл:0998.ogg,,,Бакскалибур,https://pokemon.fandom.com/ru/wiki/%D0%91%D0%B0%D0%BA%D1%81%D0%BA%D0%B0%D0%BB%D0%B8%D0%B1%D1%83%D1%80,,Thermal ExchangeCacophonyCacophonyIce Body(скрытая способность)Cacophony(скрытая способность)CacophonyCacophony,10(3.9%),Медленная,Всего: 3Baxcalibur:0ОЗ3Атк0Зщт0Сп.Атк0Сп.Зщт0Скор.0ОЗ0Атк0Зщт0Сп.Атк0Сп.Зщт0Скор.0ОЗ0Атк0Зщт0Сп.Атк0Сп.Зщт0Скор.0ОЗ0Атк0Зщт0Сп.Атк0Сп.Зщт0Скор.,50%/50%,,40циклов,50,НеизвестноGen. IVНеизвестноIV300,,Dragon/Mineral,Драконий/Ледяной,
ヤジロン / Yajiron,Земляной/Психический,Кродант← 0343 →Клэйдол,,Бесполое,0.5 м.,21.5 кг.,,Mineral,,,http://pokemon.wikia.com/wiki/File:0343.ogg,,,Балтой,https://pokemon.fandom.com/ru/wiki/%D0%91%D0%B0%D0%BB%D1%82%D0%BE%D0%B9,,,,,,,,,,,,,,
ジュペッタ / Jupetta,Призрачный,Шаппет← 0354 →Даскалл,,50%/50 %,1.1 м.,12.5 кг.,,Amorphous,,,http://pokemon.wikia.com/wiki/File:0354.ogg,,,Банетт,https://pokemon.fandom.com/ru/wiki/%D0%91%D0%B0%D0%BD%D0%B5%D1%82%D1%82,,,,,,,,,,,,,,
Mimirol,,Дрифблим← 0427 →Лопанни,,,0.4 м,5.5 кг,Коричневый,,,,http://pokemon.wikia.com/wiki/File:0427.ogg,,,Банири,https://pokemon.fandom.com/ru/wiki/%D0%91%D0%B0%D0%BD%D0%B8%D1%80%D0%B8,Нормальный,Run Away/KlutzCacophonyCacophonyLimber(скрытая способность)Cacophony(скрытая способность)CacophonyCacophony,190(35.2%),Средне-быстрая,Всего: 1Buneary:0ОЗ0Атк0Зщт0Сп.Атк0Сп.Зщт1Скор.0ОЗ0Атк0Зщт0Сп.Атк0Сп.Зщт0Скор.0ОЗ0Атк0Зщт0Сп.Атк0Сп.Зщт0Скор.0ОЗ0Атк0Зщт0Сп.Атк0Сп.Зщт0Скор.,50%/50%,,20циклов,0,84Gen. IVНеизвестноIV70V+,,Field/Human-Like,,
ホルビー / Horubii,Нормальный,Грениндзя← 0659 →Диггерсби,,50%/50 %,0.4 м.,5.0 кг.,,Field,,,http://pokemon.wikia.com/wiki/File:0659.ogg,,,Баннелби,https://pokemon.fandom.com/ru/wiki/%D0%91%D0%B0%D0%BD%D0%BD%D0%B5%D0%BB%D0%B1%D0%B8,,,,,,,,,,,,,,
ガメノデス / Gamenodesu,Каменный/Водный,Байнакл← 0689 →Скрелп,,50%/50 %,1.3 м.,96.0 кг.,,Water 3,,,http://pokemon.wikia.com/wiki/File:0689.ogg,,,Барбаракл,https://pokemon.fandom.com/ru/wiki/%D0%91%D0%B0%D1%80%D0%B1%D0%B0%D1%80%D0%B0%D0%BA%D0%BB,,,,,,,,,,,,,,
ドジョッチ / Dojotchi,Водный/Земляной,Солрок← 0339 →Вискаш,,50%/50 %,0.4 м.,1.9 кг.,,Water 2,,,http://pokemon.wikia.com/wiki/File:0339.ogg,,,Барбоач,https://pokemon.fandom.com/ru/wiki/%D0%91%D0%B0%D1%80%D0%B1%D0%BE%D0%B0%D1%87,,,,,,,,,,,,,,
カマスジョー / Kamasujoo,Водный,Аррокуда← 0847 →Токсел,,50%/50 %,1.3 м.,30 кг.,,Water 2,,Файл:F0847.png,Файл:0847.ogg,,,Барраскуда,https://pokemon.fandom.com/ru/wiki/%D0%91%D0%B0%D1%80%D1%80%D0%B0%D1%81%D0%BA%D1%83%D0%B4%D0%B0,,,,,,,,,,,,,,
イダイトウ / Idaitou,Водный/Призрачный,Урсалуна← 902A →Снизлер,,50%/50 %,3.0 м.,110.0 кг.,,Water 2,,Файл:F0902.png,Файл:902A.ogg,,,Баскулиджен,https://pokemon.fandom.com/ru/wiki/%D0%91%D0%B0%D1%81%D0%BA%D1%83%D0%BB%D0%B8%D0%B4%D0%B6%D0%B5%D0%BD,,,,,,,,,,,,,,
バスラオ / Basurao,Водный,Лиллигант← 550A →Сэндил,,50%/50 %,1.0 м.,18.0 кг.,,Water 2,,,Файл:550A.ogg,,,Баскулин,https://pokemon.fandom.com/ru/wiki/%D0%91%D0%B0%D1%81%D0%BA%D1%83%D0%BB%D0%B8%D0%BD,,,,,,,,,,,,,,
トリデプス / Toridepusu,Каменный/Стальной,Шиелдон← 0411 →Бурми,,87.5%/12.5 %,1.3 м.,149.5 кг.,,Monster,,,http://pokemon.wikia.com/wiki/File:0411.ogg,,,Бастиодон,https://pokemon.fandom.com/ru/wiki/%D0%91%D0%B0%D1%81%D1%82%D0%B8%D0%BE%D0%B4%D0%BE%D0%BD,,,,,,,,,,,,,,
Butterfree,,Метапод← 0012 →Видл,,,1.1 м,32.0 кг,Белый,,,,http://pokemon.wikia.com/wiki/File:0012.ogg,,,Баттерфри,https://pokemon.fandom.com/ru/wiki/%D0%91%D0%B0%D1%82%D1%82%D0%B5%D1%80%D1%84%D1%80%D0%B8,,Compound EyesCacophonyGigantamax ButterfreeCacophonyTinted Lens(скрытая способность)Cacophony(скрытая способность)CacophonyGigantamax ButterfreeCacophony,45(11.9%),Средне-быстрая,Всего: 3Butterfree:0ОЗ0Атк0Зщт2Сп.Атк1Сп.Зщт0Скор.Gigantamax Butterfree:0ОЗ0Атк0Зщт0Сп.Атк0Сп.Зщт0Скор.0ОЗ0Атк0Зщт0Сп.Атк0Сп.Зщт0Скор.0ОЗ0Атк0Зщт0Сп.Атк0Сп.Зщт0Скор.,50%/50%,Bug,15циклов,70,160Gen. I-IVНеизвестноIV178V+,Gigantamax Butterfree,,Насекомый/Летающий,
アマカジ / Amakaji,Травяной,Бевеар← 0761 →Стини,,0%/100 %,0.3 м.,3.2 кг.,,Grass,,Файл:F0761.png,Файл:0761.ogg,,,Баунсвит,https://pokemon.fandom.com/ru/wiki/%D0%91%D0%B0%D1%83%D0%BD%D1%81%D0%B2%D0%B8%D1%82,,,,,,,,,,,,,,
キテルグマ / Kiteruguma,Нормальный/Боевой,Стаффул← 0760 →Баунсвит,,50%/50 %,2.1 м.,135.0 кг.,,Field,,Файл:F0760.png,Файл:0760.ogg,,,Бевеар,https://pokemon.fandom.com/ru/wiki/%D0%91%D0%B5%D0%B2%D0%B5%D0%B0%D1%80,,,,,,,,,,,,,,
ベイリーフ Бэйри:фу / Bayleef,Травяной,Чикорита← 0153 →Меганиум,,87.5%/12.5 %,1.2 м,15.8 кг,,MonsterGrass,,,http://pokemon.wikia.com/wiki/File:0153.ogg,,,Бейлиф,https://pokemon.fandom.com/ru/wiki/%D0%91%D0%B5%D0%B9%D0%BB%D0%B8%D1%84,,,,,,,,,,,,,,
ダンバル / Danbaru,Стальной/Психический,Саламенс← 0374 →Метанг,,Бесполое,0.6 м.,95.2 кг.,,Mineral,,,http://pokemon.wikia.com/wiki/File:0374.ogg,,,Белдум,https://pokemon.fandom.com/ru/wiki/%D0%91%D0%B5%D0%BB%D0%B4%D1%83%D0%BC,,,,,,,,,,,,,,
Harabarie,,Тадбалб← 0939 →Ваттрел,,,1.2 м,113.0 кг,Зелёный,,,,Файл:0939.ogg,,,Беллиболт,https://pokemon.fandom.com/ru/wiki/%D0%91%D0%B5%D0%BB%D0%BB%D0%B8%D0%B1%D0%BE%D0%BB%D1%82,Электрический,Electromorphosis/StaticCacophonyCacophonyDamp(скрытая способность)Cacophony(скрытая способность)CacophonyCacophony,50(12.9%),Средне-быстрая,Всего: 2Bellibolt:2ОЗ0Атк0Зщт0Сп.Атк0Сп.Зщт0Скор.0ОЗ0Атк0Зщт0Сп.Атк0Сп.Зщт0Скор.0ОЗ0Атк0Зщт0Сп.Атк0Сп.Зщт0Скор.0ОЗ0Атк0Зщт0Сп.Атк0Сп.Зщт0Скор.,50%/50%,Water 1,20циклов,50,НеизвестноGen. IVНеизвестноIV173,,,,
Kireihana,,Амфарос← 0182 →Мэрилл,,,0.4 м,5.8 кг,Зелёный,,,,http://pokemon.wikia.com/wiki/File:0182.ogg,,,Беллоссом,https://pokemon.fandom.com/ru/wiki/%D0%91%D0%B5%D0%BB%D0%BB%D0%BE%D1%81%D1%81%D0%BE%D0%BC,Травяной,ChlorophyllCacophonyCacophonyHealer(скрытая способность)Cacophony(скрытая способность)CacophonyCacophony,45(11.9%),Средне-медленная,Всего: 3Bellossom:0ОЗ0Атк0Зщт0Сп.Атк3Сп.Зщт0Скор.0ОЗ0Атк0Зщт0Сп.Атк0Сп.Зщт0Скор.0ОЗ0Атк0Зщт0Сп.Атк0Сп.Зщт0Скор.0ОЗ0Атк0Зщт0Сп.Атк0Сп.Зщт0Скор.,50%/50%,Grass,20циклов,70,184Gen. II-IVНеизвестноIV221V+,,,,
マダツボミ / Madatsubomi,Травяной/Ядовитый,Мачамп← 0069 →Випинбелл,,50%/50 %,0.7 м.,4.0 кг.,,Grass,,,http://pokemon.wikia.com/wiki/File:0069.ogg,,,Беллспраут,https://pokemon.fandom.com/ru/wiki/%D0%91%D0%B5%D0%BB%D0%BB%D1%81%D0%BF%D1%80%D0%B0%D1%83%D1%82,,,,,,,,,,,,,,
カチコール / Kachikooru,Ледяной,Горгайст← 0712 →Авалугг,,50%/50 %,1.0 м.,99.5 кг.,,MonsterMineral,,,http://pokemon.wikia.com/wiki/File:0712.ogg,,,Бергмайт,https://pokemon.fandom.com/ru/wiki/%D0%91%D0%B5%D1%80%D0%B3%D0%BC%D0%B0%D0%B9%D1%82,,,,,,,,,,,,,,
ツンベアー / Tsunbeaa,Ледяной,Кабчу← 0614 →Криогонал,,50%/50 %,2.6 м.,260.0 кг.,,Field,,,http://pokemon.wikia.com/wiki/File:0614.ogg,,,Бертик,https://pokemon.fandom.com/ru/wiki/%D0%91%D0%B5%D1%80%D1%82%D0%B8%D0%BA,,,,,,,,,,,,,,
ビーダル / Biidaru,Нормальный/Водный,Бидуф← 0400 →Крикетот,,50%/50 %,1.0 м.,31.5 кг.,,Water 1Field,,,http://pokemon.wikia.com/wiki/File:0400.ogg,,,Бибарел,https://pokemon.fandom.com/ru/wiki/%D0%91%D0%B8%D0%B1%D0%B0%D1%80%D0%B5%D0%BB,,,,,,,,,,,,,,
Spear,,Какуна← 0015 →Пиджи,,,1.0 м,29.5 кг,Жёлтый,,,,http://pokemon.wikia.com/wiki/File:0015.ogg,,,Бидрилл,https://pokemon.fandom.com/ru/wiki/%D0%91%D0%B8%D0%B4%D1%80%D0%B8%D0%BB%D0%BB,,SwarmBeedrillCacophonyMega BeedrillCacophonySniper(скрытая способность)Cacophony(скрытая способность)AdaptabilityMega BeedrillCacophony,45(11.9%),Средне-быстрая,Всего: 3Beedrill:0ОЗ2Атк0Зщт0Сп.Атк1Сп.Зщт0Скор.Mega Beedrill:0ОЗ0Атк0Зщт0Сп.Атк0Сп.Зщт0Скор.0ОЗ0Атк0Зщт0Сп.Атк0Сп.Зщт0Скор.0ОЗ0Атк0Зщт0Сп.Атк0Сп.Зщт0Скор.,50%/50%,Bug,15циклов,70,159Gen. I-IVНеизвестноIV178V+,Mega Beedrill,,Насекомый/Ядовитый,
ビッパ / Bippa,Нормальный,Стараптор← 0399 →Бибарел,,50%/50 %,0.5 м.,20.0 кг.,,Water 1Field,,,http://pokemon.wikia.com/wiki/File:0399.ogg,,,Бидуф,https://pokemon.fandom.com/ru/wiki/%D0%91%D0%B8%D0%B4%D1%83%D1%84,,,,,,,,,,,,,,
オーベム / Ōbemu,Психический,Элгием← 0606 →Литвик,,50%/50 %,1.0 м.,34.5 кг.,,Human-Like,,,http://pokemon.wikia.com/wiki/File:0606.ogg,,,Бихием,https://pokemon.fandom.com/ru/wiki/%D0%91%D0%B8%D1%85%D0%B8%D0%B5%D0%BC,,,,,,,,,,,,,,
キリキザン / Kirikizan,Тёмный/Стальной,Поньярд← 0625 →Буффалант,,50%/50 %,1.6 м.,70.0 кг.,,Human-Like,,,http://pokemon.wikia.com/wiki/File:0625.ogg,,,Бишарп,https://pokemon.fandom.com/ru/wiki/%D0%91%D0%B8%D1%88%D0%B0%D1%80%D0%BF,,,,,,,,,,,,,,
ズガドーン / Zugadoon,Огненный/Призрачный,Стакатака← 0806 →Зераора,,Бесполое,1.8 м.,130.2 кг.,,Undiscovered,,Файл:F0806.png,Файл:0806.ogg,,,Бласефалон,https://pokemon.fandom.com/ru/wiki/%D0%91%D0%BB%D0%B0%D1%81%D0%B5%D1%84%D0%B0%D0%BB%D0%BE%D0%BD,,,,,,,,,,,,,,
Kamex,,Вартортл← 0009 →Катерпи,,,1.6 м,85.5 кг,Синий,,,,http://pokemon.wikia.com/wiki/File:0009.ogg,,,Бластойз,https://pokemon.fandom.com/ru/wiki/%D0%91%D0%BB%D0%B0%D1%81%D1%82%D0%BE%D0%B9%D0%B7,Водный,TorrentBlastoiseCacophonyMega BlastoiseCacophonyGigantamax BlastoiseRain Dish(скрытая способность)Cacophony(скрытая способность)Mega LauncherMega BlastoiseCacophonyGigantamax Blastoise,45(11.9%),Средне-медленная,Всего: 3Blastoise:0ОЗ0Атк0Зщт0Сп.Атк3Сп.Зщт0Скор.Mega Blastoise:0ОЗ0Атк0Зщт0Сп.Атк0Сп.Зщт0Скор.Gigantamax Blastoise:0ОЗ0Атк0Зщт0Сп.Атк0Сп.Зщт0Скор.0ОЗ0Атк0Зщт0Сп.Атк0Сп.Зщт0Скор.,87.5%/12.5%,,20циклов,70,210Gen. I-IVНеизвестноIV239V+,Mega BlastoiseGigantamax Blastoise,Monster/Water 1,,
サッチムシ / Satchimushi,Насекомый,Корвинайт← 0824 →Доттлер,,50%/50 %,0.4 м.,8.0 кг.,,Bug,,Файл:F0824.png,Файл:0824.ogg,,,Блипбаг,https://pokemon.fandom.com/ru/wiki/%D0%91%D0%BB%D0%B8%D0%BF%D0%B1%D0%B0%D0%B3,,,,,,,,,,,,,,
ハピナス / Happinas,Нормальный,Милтанк← 0242 →Райкоу,,0%/100 %,1.5 м.,46.8 кг.,,Fairy,,,http://pokemon.wikia.com/wiki/File:0242.ogg,,,Блисси,https://pokemon.fandom.com/ru/wiki/%D0%91%D0%BB%D0%B8%D1%81%D1%81%D0%B8,,,,,,,,,,,,,,
シママ / Shimama,Электрический,Анфезант← 0522 →Зебстрайка,,50%/50 %,0.8 м.,29.8 кг.,,Field,,,http://pokemon.wikia.com/wiki/File:0522.ogg,,,Блитзл,https://pokemon.fandom.com/ru/wiki/%D0%91%D0%BB%D0%B8%D1%82%D0%B7%D0%BB,,,,,,,,,,,,,,
Uneruminamo,,Мирайдон← 1009 →Железная Листва,,,3.5 м,280.0 кг,Синий,,,,Файл:1009.ogg,,,Блуждающая Волна,https://pokemon.fandom.com/ru/wiki/%D0%91%D0%BB%D1%83%D0%B6%D0%B4%D0%B0%D1%8E%D1%89%D0%B0%D1%8F_%D0%92%D0%BE%D0%BB%D0%BD%D0%B0,,,5(2.3%),Медленная,Всего: 3Walking Wake:0ОЗ0Атк0Зщт3Сп.Атк0Сп.Зщт0Скор.0ОЗ0Атк0Зщт0Сп.Атк0Сп.Зщт0Скор.0ОЗ0Атк0Зщт0Сп.Атк0Сп.Зщт0Скор.0ОЗ0Атк0Зщт0Сп.Атк0Сп.Зщт0Скор.,,No Eggs Discovered,50цикловЯйцо невозможно получить,0,НеизвестноGen. IVНеизвестноIV295,,,Водный/Драконий,ProtosynthesisCacophonyCacophony(скрытая способность)Cacophony(скрытая способность)CacophonyCacophony
バシャーモ / Bashaamo,Огненный/Боевой,Комбаскен← 0257 →Мадкип,,87.5%/12.5 %,1.9 м.,52.0 кг.,,Field,,,http://pokemon.wikia.com/wiki/File:0257.ogg,,,Блэйзикен,https://pokemon.fandom.com/ru/wiki/%D0%91%D0%BB%D1%8D%D0%B9%D0%B7%D0%B8%D0%BA%D0%B5%D0%BD,,,,,,,,,,,,,,
ガントル / Gantoru,Каменный,Роггенрола← 0525 →Гигалит,,50%/50 %,0.9 м.,102.0 кг.,,Mineral,,,http://pokemon.wikia.com/wiki/File:0525.ogg,,,Болдор,https://pokemon.fandom.com/ru/wiki/%D0%91%D0%BE%D0%BB%D0%B4%D0%BE%D1%80,,,,,,,,,,,,,,
パルスワン / Parusuwan,Электрический,Ямпер← 0836 →Роликоли,,50%/50 %,1.0 м.,34.0 кг.,,Field,,Файл:F0836.png,Файл:0836.ogg,,,Болтанд,https://pokemon.fandom.com/ru/wiki/%D0%91%D0%BE%D0%BB%D1%82%D0%B0%D0%BD%D0%B4,,,,,,,,,,,,,,
Otoshidori,,Вагтрио← 0962 →Финизен,,,1.5 м,42.9 кг,Белый,,,,Файл:0962.ogg,,,Бомбёрдир,https://pokemon.fandom.com/ru/wiki/%D0%91%D0%BE%D0%BC%D0%B1%D1%91%D1%80%D0%B4%D0%B8%D1%80,,Big Pecks/Keen EyeCacophonyCacophonyRocky Payload(скрытая способность)Cacophony(скрытая способность)CacophonyCacophony,25(7.7%),Медленная,Всего: 2Bombirdier:0ОЗ2Атк0Зщт0Сп.Атк0Сп.Зщт0Скор.0ОЗ0Атк0Зщт0Сп.Атк0Сп.Зщт0Скор.0ОЗ0Атк0Зщт0Сп.Атк0Сп.Зщт0Скор.0ОЗ0Атк0Зщт0Сп.Атк0Сп.Зщт0Скор.,50%/50%,Flying,35циклов,50,НеизвестноGen. IVНеизвестноIV243,,,Летающий/Тёмный,
ウソハチ / Usohachi,Каменный,Бронзонг← 0438 →Майм Джуниор,,50%/50 %,0.5 м.,15.0 кг.,,,,,http://pokemon.wikia.com/wiki/File:0438.ogg,,,Бонслай,https://pokemon.fandom.com/ru/wiki/%D0%91%D0%BE%D0%BD%D1%81%D0%BB%D0%B0%D0%B9,,,,,,,,,,,,,,
ハギギシリ / Hagigishiri,Водный/Психический,Мимикью← 0779 →Дрампа,,50%/50 %,0.9 м.,19.0 кг.,,Water 2,,Файл:F0779.png,Файл:0779.ogg,,,Браксиш,https://pokemon.fandom.com/ru/wiki/%D0%91%D1%80%D0%B0%D0%BA%D1%81%D0%B8%D1%88,,,,,,,,,,,,,,
Anohoragusa,,Брамблин← 0947 →Тодскул,,,1.2 м,6.0 кг,Коричневый,,,,Файл:0947.ogg,,,Брамблгаст,https://pokemon.fandom.com/ru/wiki/%D0%91%D1%80%D0%B0%D0%BC%D0%B1%D0%BB%D0%B3%D0%B0%D1%81%D1%82,,Wind RiderCacophonyCacophonyInfiltrator(скрытая способность)Cacophony(скрытая способность)CacophonyCacophony,45(11.9%),Средне-быстрая,Всего: 2Brambleghast:0ОЗ2Атк0Зщт0Сп.Атк0Сп.Зщт0Скор.0ОЗ0Атк0Зщт0Сп.Атк0Сп.Зщт0Скор.0ОЗ0Атк0Зщт0Сп.Атк0Сп.Зщт0Скор.0ОЗ0Атк0Зщт0Сп.Атк0Сп.Зщт0Скор.,50%/50%,Grass,20циклов,50,НеизвестноGen. IVНеизвестноIV168,,,Травяной/Призрачный,
Anokusa,,Графайай← 0946 →Брамблгаст,,,0.6 м,0.6 кг,Коричневый,,,,Файл:0946.ogg,,,Брамблин,https://pokemon.fandom.com/ru/wiki/%D0%91%D1%80%D0%B0%D0%BC%D0%B1%D0%BB%D0%B8%D0%BD,,Wind RiderCacophonyCacophonyInfiltrator(скрытая способность)Cacophony(скрытая способность)CacophonyCacophony,190(35.2%),Средне-быстрая,Всего: 1Bramblin:0ОЗ1Атк0Зщт0Сп.Атк0Сп.Зщт0Скор.0ОЗ0Атк0Зщт0Сп.Атк0Сп.Зщт0Скор.0ОЗ0Атк0Зщт0Сп.Атк0Сп.Зщт0Скор.0ОЗ0Атк0Зщт0Сп.Атк0Сп.Зщт0Скор.,50%/50%,Grass,20циклов,50,НеизвестноGen. IVНеизвестноIV55,,,Травяной/Призрачный,
テールナー / Teerunaa,Огненный,Феннекин← 0654 →Делфокс,,87.5%/12.5 %,1.0 м.,14.5 кг.,,Field,,,http://pokemon.wikia.com/wiki/File:0654.ogg,,,Брейксен,https://pokemon.fandom.com/ru/wiki/%D0%91%D1%80%D0%B5%D0%B9%D0%BA%D1%81%D0%B5%D0%BD,,,,,,,,,,,,,,
キノガッサ / Kinogassa,Травяной/Боевой,Шрумиш← 0286 →Слакот,,50%/50 %,1.2 м.,36.4 кг.,,FairyGrass,,,http://pokemon.wikia.com/wiki/File:0286.ogg,,,Брелум,https://pokemon.fandom.com/ru/wiki/%D0%91%D1%80%D0%B5%D0%BB%D1%83%D0%BC,,,,,,,,,,,,,,
Osyamari,,Попплио← 0729 →Примарина,,,0.6 м,17.5 кг,Синий,,,,Файл:0729.ogg,,,Брионн,https://pokemon.fandom.com/ru/wiki/%D0%91%D1%80%D0%B8%D0%BE%D0%BD%D0%BD,Водный,TorrentCacophonyCacophonyLiquid Voice(скрытая способность)Cacophony(скрытая способность)CacophonyCacophony,45(11.9%),Средне-медленная,Всего: 2Brionne:0ОЗ0Атк0Зщт2Сп.Атк0Сп.Зщт0Скор.0ОЗ0Атк0Зщт0Сп.Атк0Сп.Зщт0Скор.0ОЗ0Атк0Зщт0Сп.Атк0Сп.Зщт0Скор.0ОЗ0Атк0Зщт0Сп.Атк0Сп.Зщт0Скор.,87.5%/12.5%,,15циклов,70,НеизвестноGen. IVНеизвестноIV147,,Water 1/Field,,
ドータクン / Dootakun,Стальной/Психический,Бронзор← 0437 →Бонслай,,Бесполое,1.3 м.,187.0 кг.,,Mineral,,,http://pokemon.wikia.com/wiki/File:0437.ogg,,,Бронзонг,https://pokemon.fandom.com/ru/wiki/%D0%91%D1%80%D0%BE%D0%BD%D0%B7%D0%BE%D0%BD%D0%B3,,,,,,,,,,,,,,
ドーミラー / Doomiraa,Стальной/Психический,Скантэнк← 0436 →Бронзонг,,Бесполое,0.5 м.,60.5 кг.,,Mineral,,,http://pokemon.wikia.com/wiki/File:0436.ogg,,,Бронзор,https://pokemon.fandom.com/ru/wiki/%D0%91%D1%80%D0%BE%D0%BD%D0%B7%D0%BE%D1%80,,,,,,,,,,,,,,
ウォーグル / Uooguru,Нормальный/Летающий,Раффлет← 0628 →Вуллабай,,100%/0 %,1.5 м.,41.0 кг.,,Flying,,,http://pokemon.wikia.com/wiki/File:0628.ogg,,,Брэвиари,https://pokemon.fandom.com/ru/wiki/%D0%91%D1%80%D1%8D%D0%B2%D0%B8%D0%B0%D1%80%D0%B8,,,,,,,,,,,,,,
ブイゼル / Buizeru,Водный,Пачирису← 0418 →Флоатзель,,50%/50 %,0.7 м.,29.5 кг.,,Water 1Field,,,http://pokemon.wikia.com/wiki/File:0418.ogg,,,Буизель,https://pokemon.fandom.com/ru/wiki/%D0%91%D1%83%D0%B8%D0%B7%D0%B5%D0%BB%D1%8C,,,,,,,,,,,,,,
Fushigidane,,MissingNo← 0001 →Ивизавр,,,0.7 м,6.9 кг,Зелёный,,,,http://pokemon.wikia.com/wiki/File:0001.ogg,,,Бульбазавр,https://pokemon.fandom.com/ru/wiki/%D0%91%D1%83%D0%BB%D1%8C%D0%B1%D0%B0%D0%B7%D0%B0%D0%B2%D1%80,,OvergrowCacophonyCacophonyChlorophyll(скрытая способность)Cacophony(скрытая способность)CacophonyCacophony,45(11.9%),Средне-медленная,Всего: 1Bulbasaur:0ОЗ0Атк0Зщт1Сп.Атк0Сп.Зщт0Скор.0ОЗ0Атк0Зщт0Сп.Атк0Сп.Зщт0Скор.0ОЗ0Атк0Зщт0Сп.Атк0Сп.Зщт0Скор.0ОЗ0Атк0Зщт0Сп.Атк0Сп.Зщт0Скор.,87.5%/12.5%,,20циклов,70,64Gen. I-IVНеизвестноIV64V+,,Monster/Grass,Травяной/Ядовитый,
ミノムッチ / Minomutchi,Насекомый,Бастиодон← 412A →Вормадам,,50%/50 %,0.2 м.,3.4 кг.,,Bug,,,Файл:412A.ogg,,,Бурми,https://pokemon.fandom.com/ru/wiki/%D0%91%D1%83%D1%80%D0%BC%D0%B8,,,,,,,,,,,,,,
バッフロン / Baffuron,Нормальный,Бишарп← 0626 →Раффлет,,50%/50 %,1.6 м.,94.6 кг.,,Field,,,http://pokemon.wikia.com/wiki/File:0626.ogg,,,Буффалант,https://pokemon.fandom.com/ru/wiki/%D0%91%D1%83%D1%84%D1%84%D0%B0%D0%BB%D0%B0%D0%BD%D1%82,,,,,,,,,,,,,,
アゲハント / Agehanto,Насекомый/Летающий,Силкун← 0267 →Каскун,,50%/50 %,1.0 м.,28.4 кг.,,Bug,,,http://pokemon.wikia.com/wiki/File:0267.ogg,,,Бьютифлай,https://pokemon.fandom.com/ru/wiki/%D0%91%D1%8C%D1%8E%D1%82%D0%B8%D1%84%D0%BB%D0%B0%D0%B9,,,,,,,,,,,,,,
タツベイ / Tatsubei,Драконий,Лавдиск← 0371 →Шелгон,,50%/50 %,0.6 м.,42.1 кг.,,Dragon,,,http://pokemon.wikia.com/wiki/File:0371.ogg,,,Бэгон,https://pokemon.fandom.com/ru/wiki/%D0%91%D1%8D%D0%B3%D0%BE%D0%BD,,,,,,,,,,,,,,
Umitrio,,Виглетт← 0961 →Бомбёрдир,,,1.2 м,5.4 кг,Красный,,,,Файл:0961.ogg,,,Вагтрио,https://pokemon.fandom.com/ru/wiki/%D0%92%D0%B0%D0%B3%D1%82%D1%80%D0%B8%D0%BE,Водный,Gooey/RattledCacophonyCacophonySand Veil(скрытая способность)Cacophony(скрытая способность)CacophonyCacophony,50(12.9%),Средне-быстрая,Всего: 2Wugtrio:0ОЗ0Атк0Зщт0Сп.Атк0Сп.Зщт2Скор.0ОЗ0Атк0Зщт0Сп.Атк0Сп.Зщт0Скор.0ОЗ0Атк0Зщт0Сп.Атк0Сп.Зщт0Скор.0ОЗ0Атк0Зщт0Сп.Атк0Сп.Зщт0Скор.,50%/50%,Water 3,20циклов,50,НеизвестноGen. IVНеизвестноIV149,,,,
ラフレシア / Rafureshia,Травяной/Ядовитый,Глум← 0045 →Парас,,50%/50 %,1.2 м.,18.6 кг.,,Grass,,,http://pokemon.wikia.com/wiki/File:0045.ogg,,,Вайлплум,https://pokemon.fandom.com/ru/wiki/%D0%92%D0%B0%D0%B9%D0%BB%D0%BF%D0%BB%D1%83%D0%BC,,,,,,,,,,,,,,
ソーナノ / Soonano,Психический,Абсол← 0360 →Снорант,,50%/50 %,0.6 м.,14.0 кг.,,,,,http://pokemon.wikia.com/wiki/File:0360.ogg,,,Вайнот,https://pokemon.fandom.com/ru/wiki/%D0%92%D0%B0%D0%B9%D0%BD%D0%BE%D1%82,,,,,,,,,,,,,,
トドゼルガ / Todozeruga,Ледяной/Водный,Силео← 0365 →Кламперл,,50%/50 %,1.4 м.,150.6 кг.,,FieldWater 1,,,http://pokemon.wikia.com/wiki/File:0365.ogg,,,Валрейн,https://pokemon.fandom.com/ru/wiki/%D0%92%D0%B0%D0%BB%D1%80%D0%B5%D0%B9%D0%BD,,,,,,,,,,,,,,
バニプッチ / Baniputchi,Ледяной,Сванна← 0582 →Ваниллиш,,50%/50 %,0.4 м.,5.7 кг.,,Mineral,,,http://pokemon.wikia.com/wiki/File:0582.ogg,,,Ваниллит,https://pokemon.fandom.com/ru/wiki/%D0%92%D0%B0%D0%BD%D0%B8%D0%BB%D0%BB%D0%B8%D1%82,,,,,,,,,,,,,,
ハニリッチ / Baniritchi,Ледяной,Ваниллит← 0583 →Ваниллюкс,,50%/50 %,1.1 м.,41.0 кг.,,Mineral,,,http://pokemon.wikia.com/wiki/File:0583.ogg,,,Ваниллиш,https://pokemon.fandom.com/ru/wiki/%D0%92%D0%B0%D0%BD%D0%B8%D0%BB%D0%BB%D0%B8%D1%88,,,,,,,,,,,,,,
バイバニラ / Baibanira,Ледяной,Ваниллиш← 0584 →Дирлинг,,50%/50 %,1.5 м.,57.5 кг.,,Mineral,,,http://pokemon.wikia.com/wiki/File:0584.ogg,,,Ваниллюкс,https://pokemon.fandom.com/ru/wiki/%D0%92%D0%B0%D0%BD%D0%B8%D0%BB%D0%BB%D1%8E%D0%BA%D1%81,,,,,,,,,,,,,,
シャワーズ / Shawaazu,Водный,Иви← 0134 →Джолтеон,,87.5%/12.5 %,1.0 м.,21.0 кг.,,Field,,,http://pokemon.wikia.com/wiki/File:0134.ogg,,,Вапореон,https://pokemon.fandom.com/ru/wiki/%D0%92%D0%B0%D0%BF%D0%BE%D1%80%D0%B5%D0%BE%D0%BD,,,,,,,,,,,,,,
Kameil,,Сквиртл← 0008 →Бластойз,,,1.0 м,22.5 кг,Синий,,,,http://pokemon.wikia.com/wiki/File:0008.ogg,,,Вартортл,https://pokemon.fandom.com/ru/wiki/%D0%92%D0%B0%D1%80%D1%82%D0%BE%D1%80%D1%82%D0%BB,Водный,TorrentCacophonyCacophonyRain Dish(скрытая способность)Cacophony(скрытая способность)CacophonyCacophony,45(11.9%),Средне-медленная,Всего: 2Wartortle:0ОЗ0Атк1Зщт0Сп.Атк1Сп.Зщт0Скор.0ОЗ0Атк0Зщт0Сп.Атк0Сп.Зщт0Скор.0ОЗ0Атк0Зщт0Сп.Атк0Сп.Зщт0Скор.0ОЗ0Атк0Зщт0Сп.Атк0Сп.Зщт0Скор.,87.5%/12.5%,,20циклов,70,143Gen. I-IVНеизвестноIV142V+,,Monster/Water 1,,
Buroron,,Палафин← 0965 →Реваврум,,,1.0 м,35.0 кг,Серый,,,,Файл:0965.ogg,,,Варум,https://pokemon.fandom.com/ru/wiki/%D0%92%D0%B0%D1%80%D1%83%D0%BC,,OvercoatCacophonyCacophonySlow Start(скрытая способность)Cacophony(скрытая способность)CacophonyCacophony,190(35.2%),Средне-быстрая,Всего: 1Varoom:0ОЗ1Атк0Зщт0Сп.Атк0Сп.Зщт0Скор.0ОЗ0Атк0Зщт0Сп.Атк0Сп.Зщт0Скор.0ОЗ0Атк0Зщт0Сп.Атк0Сп.Зщт0Скор.0ОЗ0Атк0Зщт0Сп.Атк0Сп.Зщт0Скор.,50%/50%,Mineral,20циклов,50,НеизвестноGen. IVНеизвестноIV60,,,Стальной/Ядовитый,
Kaiden,,Беллиболт← 0940 →Киловаттрел,,,0.4 м,3.6 кг,Чёрный,,,,Файл:0940.ogg,,,Ваттрел,https://pokemon.fandom.com/ru/wiki/%D0%92%D0%B0%D1%82%D1%82%D1%80%D0%B5%D0%BB,,Wind Power/Volt AbsorbCacophonyCacophonyCompetitive(скрытая способность)Cacophony(скрытая способность)CacophonyCacophony,180(33.8%),Средне-медленная,Всего: 1Wattrel:0ОЗ0Атк0Зщт0Сп.Атк0Сп.Зщт1Скор.0ОЗ0Атк0Зщт0Сп.Атк0Сп.Зщт0Скор.0ОЗ0Атк0Зщт0Сп.Атк0Сп.Зщт0Скор.0ОЗ0Атк0Зщт0Сп.Атк0Сп.Зщт0Скор.,50%/50%,,20циклов,50,НеизвестноGen. IVНеизвестноIV56,,Water 1/Flying,Электрический/Летающий,
ミルホッグ / Miruhoggu,Нормальный,Патрат← 0505 →Лиллипап,,50%/50 %,1.1 м.,27.0 кг.,,Field,,,http://pokemon.wikia.com/wiki/File:0505.ogg,,,Ватчхог,https://pokemon.fandom.com/ru/wiki/%D0%92%D0%B0%D1%82%D1%87%D1%85%D0%BE%D0%B3,,,,,,,,,,,,,,
ホエルコ / Hoeruko,Водный,Шарпедо← 0320 →Вэйлорд,,50%/50 %,2.0 м.,130.0 кг.,,FieldWater 2,,,http://pokemon.wikia.com/wiki/File:0320.ogg,,,Вейлмер,https://pokemon.fandom.com/ru/wiki/%D0%92%D0%B5%D0%B9%D0%BB%D0%BC%D0%B5%D1%80,,,,,,,,,,,,,,
Idainakiba,,Кингамбит← 0984 →Кричащий Хвост,,,2.2 м,320.0 кг,Фиолетовый,,,,Файл:0984.ogg,,,Великий Бивень,https://pokemon.fandom.com/ru/wiki/%D0%92%D0%B5%D0%BB%D0%B8%D0%BA%D0%B8%D0%B9_%D0%91%D0%B8%D0%B2%D0%B5%D0%BD%D1%8C,,,30(8.8%),Медленная,Всего: 3Great Tusk:0ОЗ3Атк0Зщт0Сп.Атк0Сп.Зщт0Скор.0ОЗ0Атк0Зщт0Сп.Атк0Сп.Зщт0Скор.0ОЗ0Атк0Зщт0Сп.Атк0Сп.Зщт0Скор.0ОЗ0Атк0Зщт0Сп.Атк0Сп.Зщт0Скор.,,No Eggs Discovered,50цикловЯйцо невозможно получить,0,НеизвестноGen. IVНеизвестноIV285,,,Земляной/Боевой,ProtosynthesisCacophonyCacophony(скрытая способность)Cacophony(скрытая способность)CacophonyCacophony
Migalusa,,Цетитан← 0976 →Дондозо,,,2.5 м,90 кг,Серый,,,,Файл:0976.ogg,,,Велуза,https://pokemon.fandom.com/ru/wiki/%D0%92%D0%B5%D0%BB%D1%83%D0%B7%D0%B0,,Mold BreakerCacophonyCacophonySharpness(скрытая способность)Cacophony(скрытая способность)CacophonyCacophony,100(21.7%),Быстрая,Всего: 2Veluza:0ОЗ2Атк0Зщт0Сп.Атк0Сп.Зщт0Скор.0ОЗ0Атк0Зщт0Сп.Атк0Сп.Зщт0Скор.0ОЗ0Атк0Зщт0Сп.Атк0Сп.Зщт0Скор.0ОЗ0Атк0Зщт0Сп.Атк0Сп.Зщт0Скор.,50%/50%,Water 2,20циклов,50,НеизвестноGen. IVНеизвестноIV167,,,Водный/Психический,
フシデ / Fushide,Насекомый/Ядовитый,Ливанни← 0543 →Вирлипид,,50%/50 %,0.3 м.,5.3 кг.,,Bug,,,http://pokemon.wikia.com/wiki/File:0543.ogg,,,Венипид,https://pokemon.fandom.com/ru/wiki/%D0%92%D0%B5%D0%BD%D0%B8%D0%BF%D0%B8%D0%B4,,,,,,,,,,,,,,
モルフォン / Morufon,Насекомый/Ядовитый,Венонат← 0049 →Диглетт,,50%/50 %,1.5 м.,12.5 кг.,,Bug,,,http://pokemon.wikia.com/wiki/File:0049.ogg,,,Веномот,https://pokemon.fandom.com/ru/wiki/%D0%92%D0%B5%D0%BD%D0%BE%D0%BC%D0%BE%D1%82,,,,,,,,,,,,,,
コンパン / Konpan,Насекомый/Ядовитый,Парасект← 0048 →Веномот,,50%/50 %,1.0 м.,30.0 кг.,,Bug,,,http://pokemon.wikia.com/wiki/File:0048.ogg,,,Венонат,https://pokemon.fandom.com/ru/wiki/%D0%92%D0%B5%D0%BD%D0%BE%D0%BD%D0%B0%D1%82,,,,,,,,,,,,,,
Fushigibana,,Ивизавр← 0003 →Чармандер,,,2.0 м,100.0 кг,Зелёный,,,,http://pokemon.wikia.com/wiki/File:0003.ogg,,,Венузавр,https://pokemon.fandom.com/ru/wiki/%D0%92%D0%B5%D0%BD%D1%83%D0%B7%D0%B0%D0%B2%D1%80,,OvergrowVenusaurCacophonyMega VenusaurCacophonyGigantamax VenusaurChlorophyll(скрытая способность)Cacophony(скрытая способность)Thick FatMega VenusaurCacophonyGigantamax Venusaur,45(11.9%),Средне-медленная,Всего: 3Venusaur:0ОЗ0Атк0Зщт2Сп.Атк1Сп.Зщт0Скор.Mega Venusaur:0ОЗ0Атк0Зщт0Сп.Атк0Сп.Зщт0Скор.Gigantamax Venusaur:0ОЗ0Атк0Зщт0Сп.Атк0Сп.Зщт0Скор.0ОЗ0Атк0Зщт0Сп.Атк0Сп.Зщт0Скор.,87.5%/12.5%,,20циклов,70,208Gen. I-IVНеизвестноIV236V+,Mega VenusaurGigantamax Venusaur,Monster/Grass,Травяной/Ядовитый,
ビークイン / Biikuin,Насекомый/Летающий,Комби← 0416 →Пачирису,,0%/100 %,1.2 м.,38.5 кг.,,Bug,,,http://pokemon.wikia.com/wiki/File:0416.ogg,,,Веспиквин,https://pokemon.fandom.com/ru/wiki/%D0%92%D0%B5%D1%81%D0%BF%D0%B8%D0%BA%D0%B2%D0%B8%D0%BD,,,,,,,,,,,,,,
ビブラーバ / Biburaaba,Земляной/Драконий,Трэпинч← 0329 →Флайгон,,50%/50 %,1.1 м.,15.3 кг.,,BugDragon,,,http://pokemon.wikia.com/wiki/File:0329.ogg,,,Вибрава,https://pokemon.fandom.com/ru/wiki/%D0%92%D0%B8%D0%B1%D1%80%D0%B0%D0%B2%D0%B0,,,,,,,,,,,,,,
マニューラ / Manyuura,Тёмный/Ледяной,Абомасноу← 0461 →Магнезон,,50%/50 %,1.1 м.,34.0 кг.,,Field,,,http://pokemon.wikia.com/wiki/File:0461.ogg,,,Вивайл,https://pokemon.fandom.com/ru/wiki/%D0%92%D0%B8%D0%B2%D0%B0%D0%B9%D0%BB,,,,,,,,,,,,,,
ビビヨン / Bibiyon,Насекомый/Летающий,Спьюпа← 0666 →Литлео,,50%/50 %,1.2 м.,17.0 кг.,,Bug,,,http://pokemon.wikia.com/wiki/File:0666.ogg,,,Вивиллон,https://pokemon.fandom.com/ru/wiki/%D0%92%D0%B8%D0%B2%D0%B8%D0%BB%D0%BB%D0%BE%D0%BD,,,,,,,,,,,,,,
プクリン / Pukurin,Нормальный/Волшебный,Джигглипафф← 0040 →Зубат,,25%/75 %,1.0 м.,12.0 кг.,,Fairy,,,http://pokemon.wikia.com/wiki/File:0040.ogg,,,Вигглитафф,https://pokemon.fandom.com/ru/wiki/%D0%92%D0%B8%D0%B3%D0%B3%D0%BB%D0%B8%D1%82%D0%B0%D1%84%D1%84,,,,,,,,,,,,,,
Umidigda,,Тинкатон← 0960 →Вагтрио,,,1.2 м,1.8 кг,Белый,,,,Файл:0960.ogg,,,Виглетт,https://pokemon.fandom.com/ru/wiki/%D0%92%D0%B8%D0%B3%D0%BB%D0%B5%D1%82%D1%82,Водный,Gooey/RattledCacophonyCacophonySand Veil(скрытая способность)Cacophony(скрытая способность)CacophonyCacophony,255(43.9%),Средне-быстрая,Всего: 1Wiglett:0ОЗ0Атк0Зщт0Сп.Атк0Сп.Зщт1Скор.0ОЗ0Атк0Зщт0Сп.Атк0Сп.Зщт0Скор.0ОЗ0Атк0Зщт0Сп.Атк0Сп.Зщт0Скор.0ОЗ0Атк0Зщт0Сп.Атк0Сп.Зщт0Скор.,50%/50%,Water 3,20циклов,50,НеизвестноGen. IVНеизвестноIV49,,,,
ヤルキモノ / Yarukimono,Нормальный,Слакот← 0288 →Слакинг,,50%/50 %,1.4 м.,46.5 кг.,,Field,,,http://pokemon.wikia.com/wiki/File:0288.ogg,,,Вигорот,https://pokemon.fandom.com/ru/wiki/%D0%92%D0%B8%D0%B3%D0%BE%D1%80%D0%BE%D1%82,,,,,,,,,,,,,,
Beedle,,Баттерфри← 0013 →Какуна,,,0.3 м,3.2 кг,Коричневый,,,,http://pokemon.wikia.com/wiki/File:0013.ogg,,,Видл,https://pokemon.fandom.com/ru/wiki/%D0%92%D0%B8%D0%B4%D0%BB,,Shield DustCacophonyCacophonyRun Away(скрытая способность)Cacophony(скрытая способность)CacophonyCacophony,255(43.9%),Средне-быстрая,Всего: 1Weedle:0ОЗ0Атк0Зщт0Сп.Атк0Сп.Зщт1Скор.0ОЗ0Атк0Зщт0Сп.Атк0Сп.Зщт0Скор.0ОЗ0Атк0Зщт0Сп.Атк0Сп.Зщт0Скор.0ОЗ0Атк0Зщт0Сп.Атк0Сп.Зщт0Скор.,50%/50%,Bug,15циклов,70,52Gen. I-IVНеизвестноIV39V+,,,Насекомый/Ядовитый,
マタドガス / Matadogasu,Ядовитый,Коффинг← 0110 →Райхорн,,50%/50 %,1.2 м.,9.5 кг.,,Amorphous,,,http://pokemon.wikia.com/wiki/File:0110.ogg,,,Визинг,https://pokemon.fandom.com/ru/wiki/%D0%92%D0%B8%D0%B7%D0%B8%D0%BD%D0%B3,,,,,,,,,,,,,,
クワガノン / Kuwaganon,Насекомый/Электрический,Чарьябаг← 0738 →Краброулер,Файл:0Grubbin737.png,50%/50 %,1.7 м.,55.0 кг.,,Bug,,Файл:F0738.png,Файл:0738.ogg,,,Викавольт,https://pokemon.fandom.com/ru/wiki/%D0%92%D0%B8%D0%BA%D0%B0%D0%B2%D0%BE%D0%BB%D1%8C%D1%82,,,,,,,,,,,,,,
ビクティニ / Bikutini,Психический/Огненный,Аркеус← 0494 →Снайви,,Бесполое,0.4 м.,4.0 кг.,,,,,http://pokemon.wikia.com/wiki/File:0494.ogg,,,Виктини,https://pokemon.fandom.com/ru/wiki/%D0%92%D0%B8%D0%BA%D1%82%D0%B8%D0%BD%D0%B8,,,,,,,,,,,,,,
ウツボット / Utsubotto,Травяной/Ядовитый,Випинбелл← 0071 →Тентакул,,50%/50 %,1.7 м.,15.5 кг.,,Grass,,,http://pokemon.wikia.com/wiki/File:0071.ogg,,,Виктрибел,https://pokemon.fandom.com/ru/wiki/%D0%92%D0%B8%D0%BA%D1%82%D1%80%D0%B8%D0%B1%D0%B5%D0%BB,,,,,,,,,,,,,,
コソクムシ / Kosokumushi,Насекомый/Водный,Пассимиан← 0767 →Голисопод,,50%/50 %,0.5 м.,12.0 кг.,,BugWater 3,,Файл:F0767.png,Файл:0767.ogg,,,Вимпод,https://pokemon.fandom.com/ru/wiki/%D0%92%D0%B8%D0%BC%D0%BF%D0%BE%D0%B4,,,,,,,,,,,,,,
エルフーン / Erufuun,Травяной/Волшебный,Коттони← 0547 →Петилил,,50%/50 %,0.7 м.,6.6 кг.,,GrassFairy,,,http://pokemon.wikia.com/wiki/File:0547.ogg,,,Вимсикотт,https://pokemon.fandom.com/ru/wiki/%D0%92%D0%B8%D0%BC%D1%81%D0%B8%D0%BA%D0%BE%D1%82%D1%82,,,,,,,,,,,,,,
Camome,,Свеллоу← 0278 →Пелиппер,,,0.6 м,9.5 кг,Белый,,,,http://pokemon.wikia.com/wiki/File:0278.ogg,,,Вингалл,https://pokemon.fandom.com/ru/wiki/%D0%92%D0%B8%D0%BD%D0%B3%D0%B0%D0%BB%D0%BB,,Keen Eye/HydrationGen VII+CacophonyCacophonyRain Dish(скрытая способность)Cacophony(скрытая способность)CacophonyCacophony,190(35.2%),Средне-быстрая,Всего: 1Wingull:0ОЗ0Атк0Зщт0Сп.Атк0Сп.Зщт1Скор.0ОЗ0Атк0Зщт0Сп.Атк0Сп.Зщт0Скор.0ОЗ0Атк0Зщт0Сп.Атк0Сп.Зщт0Скор.0ОЗ0Атк0Зщт0Сп.Атк0Сп.Зщт0Скор.,50%/50%,,20циклов,70,64Gen. III-IVНеизвестноIV54V+,,Water 1/Flying,Водный/Летающий,
ウツドン / Utsudon,Травяной/Ядовитый,Беллспраут← 0070 →Виктрибел,,50%/50 %,1.0 м.,6.4 кг.,,Grass,,,http://pokemon.wikia.com/wiki/File:0070.ogg,,,Випинбелл,https://pokemon.fandom.com/ru/wiki/%D0%92%D0%B8%D0%BF%D0%B8%D0%BD%D0%B1%D0%B5%D0%BB%D0%BB,,,,,,,,,,,,,,
アヤシシ / Ayashishi,Нормальный/Психический,Калирекс← 0899 →Кливор,,Бесполое,1.8 м.,95.0 кг.,,,,Файл:F0899.png,http://pokemon.wikia.com/wiki/File:0899.ogg,,,Вирдир,https://pokemon.fandom.com/ru/wiki/%D0%92%D0%B8%D1%80%D0%B4%D0%B8%D1%80,,,,,,,,,,,,,,
ビリジオン / Birijion,Травяной/Боевой,Терракион← 0640 →Торнадус,,Бесполое,2.0 м.,200.0 кг.,,,,,http://pokemon.wikia.com/wiki/File:0640.ogg,,,Виризион,https://pokemon.fandom.com/ru/wiki/%D0%92%D0%B8%D1%80%D0%B8%D0%B7%D0%B8%D0%BE%D0%BD,,,,,,,,,,,,,,
ホイーガ / Hoiiga,Насекомый/Ядовитый,Венипид← 0544 →Сколипид,,50%/50 %,0.9 м.,58.6 кг.,,Bug,,,http://pokemon.wikia.com/wiki/File:0544.ogg,,,Вирлипид,https://pokemon.fandom.com/ru/wiki/%D0%92%D0%B8%D1%80%D0%BB%D0%B8%D0%BF%D0%B8%D0%B4,,,,,,,,,,,,,,
ナマズン / Namazun,Водный/Земляной,Барбоач← 0340 →Корфиш,,50%/50 %,0.9 м.,23.6 кг.,,Water 2,,,http://pokemon.wikia.com/wiki/File:0340.ogg,,,Вискаш,https://pokemon.fandom.com/ru/wiki/%D0%92%D0%B8%D1%81%D0%BA%D0%B0%D1%88,,,,,,,,,,,,,,
ゴニョニョ / Gonyonyo,Нормальный,Шединья← 0293 →Лоудред,,50%/50 %,0.6 м.,16.3 кг.,,MonsterField,,,http://pokemon.wikia.com/wiki/File:0293.ogg,,,Висмур,https://pokemon.fandom.com/ru/wiki/%D0%92%D0%B8%D1%81%D0%BC%D1%83%D1%80,,,,,,,,,,,,,,
ヨワシ / Yowashi,Водный,Лайканрок← 0746 →Марини,,50%/50 %,0.2 м.,0.3 кг.,,Water 2,,Файл:F0746.png,Файл:0746.ogg,,,Вишиваши,https://pokemon.fandom.com/ru/wiki/%D0%92%D0%B8%D1%88%D0%B8%D0%B2%D0%B0%D1%88%D0%B8,,,,,,,,,,,,,,
Chionjen,,Голденго← 1001 →Чьен-Пао,,,1.5 м,74.2 кг,Коричневый,,,,Файл:1001.ogg,,,Во-Чьен,https://pokemon.fandom.com/ru/wiki/%D0%92%D0%BE-%D0%A7%D1%8C%D0%B5%D0%BD,,,6(2.6%),Медленная,Всего: 3Wo-Chien:0ОЗ0Атк0Зщт0Сп.Атк3Сп.Зщт0Скор.0ОЗ0Атк0Зщт0Сп.Атк0Сп.Зщт0Скор.0ОЗ0Атк0Зщт0Сп.Атк0Сп.Зщт0Скор.0ОЗ0Атк0Зщт0Сп.Атк0Сп.Зщт0Скор.,,No Eggs Discovered,50цикловЯйцо невозможно получить,0,НеизвестноGen. IVНеизвестноIV285,,,Тёмный/Травяной,Tablets of RuinCacophonyCacophonyCacophony(скрытая способность)Cacophony(скрытая способность)CacophonyCacophony
ソーナンス / Soonansu,Психический,Аноун← 0202 →Жирафариж,,50%/50 %,1.3 м.,28.5 кг.,,Amorphous,,,http://pokemon.wikia.com/wiki/File:0202.ogg,,,Воббаффет,https://pokemon.fandom.com/ru/wiki/%D0%92%D0%BE%D0%B1%D0%B1%D0%B0%D1%84%D1%84%D0%B5%D1%82,,,,,,,,,,,,,,
Barubeat,,Майнун← 0313 →Иллюмайз,,,0.7 м,17.7 кг,Серый,,,,http://pokemon.wikia.com/wiki/File:0313.ogg,,,Волбит,https://pokemon.fandom.com/ru/wiki/%D0%92%D0%BE%D0%BB%D0%B1%D0%B8%D1%82,Насекомый,Illuminate/SwarmCacophonyCacophonyPrankster(скрытая способность)Cacophony(скрытая способность)CacophonyCacophony,150(29.5%),Эрратическая,Всего: 1Volbeat:0ОЗ0Атк0Зщт0Сп.Атк0Сп.Зщт1Скор.0ОЗ0Атк0Зщт0Сп.Атк0Сп.Зщт0Скор.0ОЗ0Атк0Зщт0Сп.Атк0Сп.Зщт0Скор.0ОЗ0Атк0Зщт0Сп.Атк0Сп.Зщт0Скор.,100%,,15циклов,70,146Gen. III-IVНеизвестноIV151V+,,Bug/Human-Like,,
ボルケニオン / Borukenion,Огненный/Водный,Хуппа← 0721 →Роулет,,Бесполое,1.7 м.,195.0 кг.,,Undiscovered,,Файл:F0721.png,Файл:0721.ogg,,,Волканион,https://pokemon.fandom.com/ru/wiki/%D0%92%D0%BE%D0%BB%D0%BA%D0%B0%D0%BD%D0%B8%D0%BE%D0%BD,,,,,,,,,,,,,,
ウルガモス / Urugamosu,Насекомый/Огненный,Ларвеста← 0637 →Кобалион,,50%/50 %,1.6 м.,46.0 кг.,,Bug,,,http://pokemon.wikia.com/wiki/File:0637.ogg,,,Волкарона,https://pokemon.fandom.com/ru/wiki/%D0%92%D0%BE%D0%BB%D0%BA%D0%B0%D1%80%D0%BE%D0%BD%D0%B0,,,,,,,,,,,,,,
Habatakukami,,Свирепый Гриб← 0987 →Ползущее Крыло,,,1.4 м,4.0 кг,Серый,,,,Файл:0987.ogg,,,Волнистая Грива,https://pokemon.fandom.com/ru/wiki/%D0%92%D0%BE%D0%BB%D0%BD%D0%B8%D1%81%D1%82%D0%B0%D1%8F_%D0%93%D1%80%D0%B8%D0%B2%D0%B0,,,30(8.8%),Медленная,Всего: 3Flutter Mane:0ОЗ0Атк0Зщт1Сп.Атк1Сп.Зщт1Скор.0ОЗ0Атк0Зщт0Сп.Атк0Сп.Зщт0Скор.0ОЗ0Атк0Зщт0Сп.Атк0Сп.Зщт0Скор.0ОЗ0Атк0Зщт0Сп.Атк0Сп.Зщт0Скор.,,No Eggs Discovered,50циклов,0,НеизвестноGen. IVНеизвестноIV285,,,Призрачный/Волшебный,ProtosynthesisCacophonyCacophony(скрытая способность)Cacophony(скрытая способность)CacophonyCacophony
ビリリダマ / Biriridama,Электрический,Кинглер← 0100 →Электрод,,Бесполое,0.5 м.,10.4 кг.,,Mineral,,,http://pokemon.wikia.com/wiki/File:0100.ogg,,,Волторб,https://pokemon.fandom.com/ru/wiki/%D0%92%D0%BE%D0%BB%D1%82%D0%BE%D1%80%D0%B1,,,,,,,,,,,,,,
ミノマダム / Minomadamu,Насекомый/Травяной,Бурми← 413 →Мотим,,0%/100 %,0.51 м,6.49 кг,,Насекомые,,,Файл:413.ogg,,,Вормадам,https://pokemon.fandom.com/ru/wiki/%D0%92%D0%BE%D1%80%D0%BC%D0%B0%D0%B4%D0%B0%D0%BC,,,,,,,,,,,,,,
コロモリ / Koromori,Психический/Летающий,Гигалит← 0527 →Свубат,,50%/50 %,0.4 м.,2.1 кг.,,FieldFlying,,,http://pokemon.wikia.com/wiki/File:0527.ogg,,,Вубат,https://pokemon.fandom.com/ru/wiki/%D0%92%D1%83%D0%B1%D0%B0%D1%82,,,,,,,,,,,,,,
バルチャイ / Baruchai,Тёмный/Летающий,Брэвиари← 0629 →Мандибазз,,0%/100 %,0.5 м.,9.0 кг.,,Flying,,,http://pokemon.wikia.com/wiki/File:0629.ogg,,,Вуллабай,https://pokemon.fandom.com/ru/wiki/%D0%92%D1%83%D0%BB%D0%BB%D0%B0%D0%B1%D0%B0%D0%B9,,,,,,,,,,,,,,
ウールー / Uuruu,Нормальный,Эльдегосс← 0831 →Дабвул,,50%/50 %,0.6 м.,6.0 кг.,,Field,,Файл:F0831.png,Файл:0831.ogg,,,Вулу,https://pokemon.fandom.com/ru/wiki/%D0%92%D1%83%D0%BB%D1%83,,,,,,,,,,,,,,
ロコン / Rokon,Огненный,Клефэйбл← 0037 →Найнтэйлс,,25%/75 %,0.6 м.,9.9 кг.,,Field,,,http://pokemon.wikia.com/wiki/File:0037.ogg,,,Вульпикс,https://pokemon.fandom.com/ru/wiki/%D0%92%D1%83%D0%BB%D1%8C%D0%BF%D0%B8%D0%BA%D1%81,,,,,,,,,,,,,,
ウパー / Upaa,Водный/Земляной,Янма← 0194 →Квагсайр,,50%/50 %,0.4 м.,8.5 кг.,,Water 1Field,,,http://pokemon.wikia.com/wiki/File:0194.ogg,,,Вупер,https://pokemon.fandom.com/ru/wiki/%D0%92%D1%83%D0%BF%D0%B5%D1%80,,,,,,,,,,,,,,
ケムッソ / Kemusso,Насекомый,Лайнун← 0265 →Силкун,,50%/50 %,0.3 м.,3.6 кг.,,Bug,,,http://pokemon.wikia.com/wiki/File:0265.ogg,,,Вурмпл,https://pokemon.fandom.com/ru/wiki/%D0%92%D1%83%D1%80%D0%BC%D0%BF%D0%BB,,,,,,,,,,,,,,
Ugatsuhomura,,Гидрэпл← 1020 →Яростный Болт,,,3.5 м,590.0 кг,Коричневый,,,,Файл:1020.ogg,,,Выжигающий Огонь,https://pokemon.fandom.com/ru/wiki/%D0%92%D1%8B%D0%B6%D0%B8%D0%B3%D0%B0%D1%8E%D1%89%D0%B8%D0%B9_%D0%9E%D0%B3%D0%BE%D0%BD%D1%8C,,,10(3.9%),Медленная,Всего: 3Gouging Fire:0ОЗ0Атк3Зщт0Сп.Атк0Сп.Зщт0Скор.0ОЗ0Атк0Зщт0Сп.Атк0Сп.Зщт0Скор.0ОЗ0Атк0Зщт0Сп.Атк0Сп.Зщт0Скор.0ОЗ0Атк0Зщт0Сп.Атк0Сп.Зщт0Скор.,,No Eggs Discovered,50цикловЯйцо невозможно получить,0,НеизвестноGen. IVНеизвестноIV295,,,Огненный/Драконий,ProtosynthesisCacophonyCacophonyCacophony(скрытая способность)Cacophony(скрытая способность)CacophonyCacophony
ホエルオー / Hoeruoo,Водный,Вэйлмер← 0321 →Нумел,,50%/50 %,14.5 м.,398.0 кг.,,FieldWater 2,,,http://pokemon.wikia.com/wiki/File:0321.ogg,,,Вэйлорд,https://pokemon.fandom.com/ru/wiki/%D0%92%D1%8D%D0%B9%D0%BB%D0%BE%D1%80%D0%B4,,,,,,,,,,,,,,
ガバイト / Gabaito,Драконий/Земляной,Гибл← 0444 →Гарчомп,,50%/50 %,1.4 м.,56.0 кг.,,MonsterDragon,,,http://pokemon.wikia.com/wiki/File:0444.ogg,,,Габайт,https://pokemon.fandom.com/ru/wiki/%D0%93%D0%B0%D0%B1%D0%B0%D0%B9%D1%82,,,,,,,,,,,,,,
アクジキング / Akujikingu,Тёмный/Драконий,Картана← 0799 →Некрозма,,Бесполое,5.5 м.,888.0 кг.,,Undiscovered,,Файл:F0799.png,Файл:0799.ogg,,,Газзлорд,https://pokemon.fandom.com/ru/wiki/%D0%93%D0%B0%D0%B7%D0%B7%D0%BB%D0%BE%D1%80%D0%B4,,,,,,,,,,,,,,
デンチュラ / Denchura,Насекомый/Электрический,Джолтик← 0596 →Ферросид,,50%/50 %,0.8 м.,14.3 кг.,,Bug,,,http://pokemon.wikia.com/wiki/File:0596.ogg,,,Галвантула,https://pokemon.fandom.com/ru/wiki/%D0%93%D0%B0%D0%BB%D0%B2%D0%B0%D0%BD%D1%82%D1%83%D0%BB%D0%B0,,,,,,,,,,,,,,
エルレイド / Erureido,Психический/Боевой,Поригон-Z← 0475 →Пробопасс,,100%/0 %,1.6 м.,52.0 кг.,,AmorphousHuman-Like,,,http://pokemon.wikia.com/wiki/File:0475.ogg,,,Галлейд,https://pokemon.fandom.com/ru/wiki/%D0%93%D0%B0%D0%BB%D0%BB%D0%B5%D0%B9%D0%B4,,,,,,,,,,,,,,
デカグース / Dekaguusu,Нормальный,Янгус← 0735 →Граббин,,Бесполое,0.7 м.,14.2 кг.,,,,Файл:F0735.png,Файл:0735.ogg,,,Гамшус,https://pokemon.fandom.com/ru/wiki/%D0%93%D0%B0%D0%BC%D1%88%D1%83%D1%81,,,,,,,,,,,,,,
Dustdas,,Траббиш← 0569 →Зоруа,,,1.9 м,107.3 кг,Зелёный,,,,http://pokemon.wikia.com/wiki/File:0569.ogg,,,Гарбодор,https://pokemon.fandom.com/ru/wiki/%D0%93%D0%B0%D1%80%D0%B1%D0%BE%D0%B4%D0%BE%D1%80,Ядовитый,Stench/Weak ArmorCacophonyГигантамакс ГарбодорCacophonyAftermath(скрытая способность)Cacophony(скрытая способность)CacophonyГигантамакс ГарбодорCacophony,60(14.8%),Средне-быстрая,Всего: 2Garbodor:0ОЗ2Атк0Зщт0Сп.Атк0Сп.Зщт0Скор.Гигантамакс Гарбодор:0ОЗ0Атк0Зщт0Сп.Атк0Сп.Зщт0Скор.0ОЗ0Атк0Зщт0Сп.Атк0Сп.Зщт0Скор.0ОЗ0Атк0Зщт0Сп.Атк0Сп.Зщт0Скор.,50%/50%,Mineral,20циклов,70,НеизвестноGen. IVНеизвестноIV166,Гигантамакс Гарбодор,,,
Kyojiohn,,Наклстак← 0934 →Чаркадет,,,2.3 м,240.0 кг,Коричневый,,,,Файл:0934.ogg,,,Гарганакл,https://pokemon.fandom.com/ru/wiki/%D0%93%D0%B0%D1%80%D0%B3%D0%B0%D0%BD%D0%B0%D0%BA%D0%BB,Каменный,Purifying Salt/SturdyCacophonyCacophonyClear Body(скрытая способность)Cacophony(скрытая способность)CacophonyCacophony,45(11.9%),Средне-медленная,Всего: 3Garganacl:0ОЗ0Атк3Зщт0Сп.Атк0Сп.Зщт0Скор.0ОЗ0Атк0Зщт0Сп.Атк0Сп.Зщт0Скор.0ОЗ0Атк0Зщт0Сп.Атк0Сп.Зщт0Скор.0ОЗ0Атк0Зщт0Сп.Атк0Сп.Зщт0Скор.,50%/50%,Mineral,20циклов,50,НеизвестноGen. IVНеизвестноIV250,,,,
サーナイト / Saanaito,Психический/Волшебный,Кирлия← 0282 →Сурскит,,50%/50 %,1.6 м.,48.4 кг.,,AmorphousHuman-Like,,,http://pokemon.wikia.com/wiki/File:0282.ogg,,,Гардевуар,https://pokemon.fandom.com/ru/wiki/%D0%93%D0%B0%D1%80%D0%B4%D0%B5%D0%B2%D1%83%D0%B0%D1%80,,,,,,,,,,,,,,
ガブリアス / Gaburiasu,Драконий/Земляной,Габайт← 0445 →Манчлакс,,50%/50 %,1.9 м.,95.0 кг.,,MonsterDragon,,,http://pokemon.wikia.com/wiki/File:0445.ogg,,,Гарчомп,https://pokemon.fandom.com/ru/wiki/%D0%93%D0%B0%D1%80%D1%87%D0%BE%D0%BC%D0%BF,,,,,,,,,,,,,,
ゴース / Goosu,Призрачный/Ядовитый,Клойстер← 0092 →Хонтер,,50%/50 %,1.3 м.,0.1 кг.,,Amorphous,,,http://pokemon.wikia.com/wiki/File:0092.ogg,,,Гастли,https://pokemon.fandom.com/ru/wiki/%D0%93%D0%B0%D1%81%D1%82%D0%BB%D0%B8,,,,,,,,,,,,,,
Tritodon,,Шеллос← 0423 →Эмбипом,,,0.9 м,29.9 кг,ФиолетовыйДругие формы могут иметь другие цвета.,,,,http://pokemon.wikia.com/wiki/File:0423.ogg,,,Гастродон,https://pokemon.fandom.com/ru/wiki/%D0%93%D0%B0%D1%81%D1%82%D1%80%D0%BE%D0%B4%D0%BE%D0%BD,,Sticky Hold/Storm DrainCacophonyCacophonySand Force(скрытая способность)Cacophony(скрытая способность)CacophonyCacophony,75(17.5%),Средне-быстрая,Всего: 2Gastrodon:2ОЗ0Атк0Зщт0Сп.Атк0Сп.Зщт0Скор.0ОЗ0Атк0Зщт0Сп.Атк0Сп.Зщт0Скор.0ОЗ0Атк0Зщт0Сп.Атк0Сп.Зщт0Скор.0ОЗ0Атк0Зщт0Сп.Атк0Сп.Зщт0Скор.,50%/50%,,20циклов,70,176Gen. IVНеизвестноIV166V+,,Water 1/Amorphous,Водный/Земляной,
ギャラドス / Gyaradosu,Водный/Летающий,Мэджикарп← 0130 →Лапрас,,50%/50 %,6.5 м.,235.0 кг.,,Water 2Dragon,,,http://pokemon.wikia.com/wiki/File:0130.ogg,,,Гаярадос,https://pokemon.fandom.com/ru/wiki/%D0%93%D0%B0%D1%8F%D1%80%D0%B0%D0%B4%D0%BE%D1%81,,,,,,,,,,,,,,
Gangar,,Хонтер← 0094 →Оникс,,,1.5 м,40.5 кг,Фиолетовый,,,,http://pokemon.wikia.com/wiki/File:0094.ogg,,,Генгар,https://pokemon.fandom.com/ru/wiki/%D0%93%D0%B5%D0%BD%D0%B3%D0%B0%D1%80,,Cursed BodyGen VII+GengarCacophonyMega GengarCacophonyGigantamax GengarCacophony(скрытая способность)Cacophony(скрытая способность)Shadow TagMega GengarCacophonyGigantamax GengarLevitateGengar Gen III-VI,45(11.9%),Средне-медленная,Всего: 3Gengar:0ОЗ0Атк0Зщт3Сп.Атк0Сп.Зщт0Скор.Mega Gengar:0ОЗ0Атк0Зщт0Сп.Атк0Сп.Зщт0Скор.Gigantamax Gengar:0ОЗ0Атк0Зщт0Сп.Атк0Сп.Зщт0Скор.0ОЗ0Атк0Зщт0Сп.Атк0Сп.Зщт0Скор.,50%/50%,Amorphous,20циклов,70,190Gen. I-IVНеизвестноIV225V+,Mega GengarGigantamax Gengar,,Призрачный/Ядовитый,
ゲノセクト / Genosekuto,Насекомый/Стальной,Мелоэтта← 0649 →Чеспин,,Бесполое,1.5 м.,82.5 кг.,,,,,http://pokemon.wikia.com/wiki/File:0649.ogg,,,Генесект,https://pokemon.fandom.com/ru/wiki/%D0%93%D0%B5%D0%BD%D0%B5%D1%81%D0%B5%D0%BA%D1%82,,,,,,,,,,,,,,
イシツブテ / Ishitsubute,Каменный/Земляной,Тентакруэль← 0074 →Гравелер,,50%/50 %,0.4 м.,20.0 кг.,,Mineral,,,http://pokemon.wikia.com/wiki/File:0074.ogg,,,Геодуд,https://pokemon.fandom.com/ru/wiki/%D0%93%D0%B5%D0%BE%D0%B4%D1%83%D0%B4,,,,,,,,,,,,,,
ヘラクロス / Herakurosu,Насекомый/Боевой,Шакл← 0214 →Снизл,,50%/50 %,1.5 м.,54.0 кг.,,Bug,,,http://pokemon.wikia.com/wiki/File:0214.ogg,,,Геракросс,https://pokemon.fandom.com/ru/wiki/%D0%93%D0%B5%D1%80%D0%B0%D0%BA%D1%80%D0%BE%D1%81%D1%81,,,,,,,,,,,,,,
フカマル / Fukamaru,Драконий/Земляной,Спиритомб← 0443 →Габайт,,50%/50 %,0.7 м.,20.5 кг.,,MonsterDragon,,,http://pokemon.wikia.com/wiki/File:0443.ogg,,,Гибл,https://pokemon.fandom.com/ru/wiki/%D0%93%D0%B8%D0%B1%D0%BB,,,,,,,,,,,,,,
ギガイアス / Gigaiasu,Каменный,Болдор← 0526 →Вубат,,50%/50 %,1.7 м.,260.0 кг.,,Mineral,,,http://pokemon.wikia.com/wiki/File:0526.ogg,,,Гигалит,https://pokemon.fandom.com/ru/wiki/%D0%93%D0%B8%D0%B3%D0%B0%D0%BB%D0%B8%D1%82,,,,,,,,,,,,,,
サザンドラ / Sazandora,Тёмный/Драконий,Звайлос← 0635 →Ларвеста,,50%/50 %,1.8 м.,160.0 кг.,,Dragon,,,http://pokemon.wikia.com/wiki/File:0635.ogg,,,Гидрайгон,https://pokemon.fandom.com/ru/wiki/%D0%93%D0%B8%D0%B4%D1%80%D0%B0%D0%B9%D0%B3%D0%BE%D0%BD,,,,,,,,,,,,,,
Kamitsuorochi,,Архалудон← 1019 →Выжигающий Огонь,,,1.8 м,93.0 кг,Зелёный,,,,Файл:1019.ogg,,,Гидрэпл,https://pokemon.fandom.com/ru/wiki/%D0%93%D0%B8%D0%B4%D1%80%D1%8D%D0%BF%D0%BB,,Supersweet Syrup/RegeneratorCacophonyCacophonySticky Hold(скрытая способность)Cacophony(скрытая способность)CacophonyCacophony,10(3.9%),Эрратическая,Всего: 3Hydrapple:0ОЗ0Атк0Зщт3Сп.Атк0Сп.Зщт0Скор.0ОЗ0Атк0Зщт0Сп.Атк0Сп.Зщт0Скор.0ОЗ0Атк0Зщт0Сп.Атк0Сп.Зщт0Скор.0ОЗ0Атк0Зщт0Сп.Атк0Сп.Зщт0Скор.,50%/50%,,20циклов,50,НеизвестноGen. IVНеизвестноIV270,,Grass/Dragon,Травяной/Драконий,
Collecurei,,Бакскалибур← 0999 →Голденго,,,0.3 м,5.0 кг,КрасныйДругие формы могут иметь другие цвета.,,,,Файл:0999.ogg,,,Гиммигул,https://pokemon.fandom.com/ru/wiki/%D0%93%D0%B8%D0%BC%D0%BC%D0%B8%D0%B3%D1%83%D0%BB,Призрачный,RattledChest FormRun AwayRoaming FormCacophony(скрытая способность)Cacophony(скрытая способность)CacophonyRoaming FormCacophony,45(11.9%),Медленная,Всего: 1Chest Form:0ОЗ0Атк0Зщт1Сп.Атк0Сп.Зщт0Скор.Roaming Form:0ОЗ0Атк0Зщт0Сп.Атк0Сп.Зщт0Скор.0ОЗ0Атк0Зщт0Сп.Атк0Сп.Зщт0Скор.0ОЗ0Атк0Зщт0Сп.Атк0Сп.Зщт0Скор.,,No Eggs Discovered,50цикловЯйцо невозможно получить,50,НеизвестноGen. IVНеизвестноIV60,Roaming Form,,,
スリーパー / Suriipaa,Психический,Дроузи← 0097 →Крабби,,50%/50 %,1.6 м.,75.6 кг.,,Human-Like,,,http://pokemon.wikia.com/wiki/File:0097.ogg,,,Гипно,https://pokemon.fandom.com/ru/wiki/%D0%93%D0%B8%D0%BF%D0%BD%D0%BE,,,,,,,,,,,,,,
Kabaldon,,Хиппопотас← 0450 →Скорупи,,,2.0 м,300.0 кг,Коричневый,,,,http://pokemon.wikia.com/wiki/File:0450.ogg,,,Гипподон,https://pokemon.fandom.com/ru/wiki/%D0%93%D0%B8%D0%BF%D0%BF%D0%BE%D0%B4%D0%BE%D0%BD,Земляной,Sand StreamCacophonyFemaleCacophonySand Force(скрытая способность)Cacophony(скрытая способность)CacophonyFemaleCacophony,60(14.8%),Медленная,Всего: 2Male:0ОЗ0Атк2Зщт0Сп.Атк0Сп.Зщт0Скор.Female:0ОЗ0Атк0Зщт0Сп.Атк0Сп.Зщт0Скор.0ОЗ0Атк0Зщт0Сп.Атк0Сп.Зщт0Скор.0ОЗ0Атк0Зщт0Сп.Атк0Сп.Зщт0Скор.,50%/50%,Field,30циклов,70,198Gen. IVНеизвестноIV184V+,Female,,,
ギラティナ / Giratina,Призрачный/Драконий,Реджигигас← 0487 →Кресселия,,Бесполое,4.5 м.,750.0 кг.,,,,,http://pokemon.wikia.com/wiki/File:0487.ogg,,,Гиратина,https://pokemon.fandom.com/ru/wiki/%D0%93%D0%B8%D1%80%D0%B0%D1%82%D0%B8%D0%BD%D0%B0,,,,,,,,,,,,,,
グライガー / Guraigaa,Земляной/Летающий,Данспарс← 0207 →Стиликс,,50%/50 %,1.1 м.,64.8 кг.,,Bug,,,http://pokemon.wikia.com/wiki/File:0207.ogg,,,Глайгар,https://pokemon.fandom.com/ru/wiki/%D0%93%D0%BB%D0%B0%D0%B9%D0%B3%D0%B0%D1%80,,,,,,,,,,,,,,
グライオン / Guraion,Земляной/Летающий,Гласеон← 0472 →Мамосвайн,,50%/50 %,2.0 м.,42.5 кг.,,Bug,,,http://pokemon.wikia.com/wiki/File:0472.ogg,,,Глайскор,https://pokemon.fandom.com/ru/wiki/%D0%93%D0%BB%D0%B0%D0%B9%D1%81%D0%BA%D0%BE%D1%80,,,,,,,,,,,,,,
グレイシア / Gureishia,Ледяной,Лифеон← 0471 →Глайскор,,87.5%/12.5 %,0.8 м.,25.9 кг.,,Field,,,http://pokemon.wikia.com/wiki/File:0471.ogg,,,Гласеон,https://pokemon.fandom.com/ru/wiki/%D0%93%D0%BB%D0%B0%D1%81%D0%B5%D0%BE%D0%BD,,,,,,,,,,,,,,
ブリザポス / Burizaposu,Ледяной,Реджидраго← 0896 →Спектриер,,Бесполое,2.2 м.,800.0 кг.,,Undiscovered,,Файл:F0896.png,Файл:0896.ogg,,,Гластриер,https://pokemon.fandom.com/ru/wiki/%D0%93%D0%BB%D0%B0%D1%81%D1%82%D1%80%D0%B8%D0%B5%D1%80,,,,,,,,,,,,,,
ニャルマー / Nyarumaa,Нормальный,Хончкроу← 0431 →Пурагли,,25%/75 %,0.5 м.,3.9 кг.,,Field,,,http://pokemon.wikia.com/wiki/File:0431.ogg,,,Глеймяу,https://pokemon.fandom.com/ru/wiki/%D0%93%D0%BB%D0%B5%D0%B9%D0%BC%D1%8F%D1%83,,,,,,,,,,,,,,
Kirame,,Ортворм← 0969 →Глимора,,,0.7 м,8.0 кг,Синий,,,,Файл:0969.ogg,,,Глимет,https://pokemon.fandom.com/ru/wiki/%D0%93%D0%BB%D0%B8%D0%BC%D0%B5%D1%82,,Toxic DebrisCacophonyCacophonyCorrosion(скрытая способность)Cacophony(скрытая способность)CacophonyCacophony,70(16.6%),Средне-медленная,Всего: 1Glimmet:0ОЗ0Атк0Зщт1Сп.Атк0Сп.Зщт0Скор.0ОЗ0Атк0Зщт0Сп.Атк0Сп.Зщт0Скор.0ОЗ0Атк0Зщт0Сп.Атк0Сп.Зщт0Скор.0ОЗ0Атк0Зщт0Сп.Атк0Сп.Зщт0Скор.,50%/50%,Mineral,30циклов,50,НеизвестноGen. IVНеизвестноIV70,,,Каменный/Ядовитый,
Kiraflor,,Глимет← 0970 →Гривард,,,1.5 м,45.0 кг,Синий,,,,http://pokemon.wikia.com/wiki/File:0970.ogg,,,Глимора,https://pokemon.fandom.com/ru/wiki/%D0%93%D0%BB%D0%B8%D0%BC%D0%BE%D1%80%D0%B0,,Toxic DebrisCacophonyCacophonyCorrosion(скрытая способность)Cacophony(скрытая способность)CacophonyCacophony,25(7.7%),Средне-медленная,Всего: 2Glimmora:0ОЗ0Атк0Зщт2Сп.Атк0Сп.Зщт0Скор.0ОЗ0Атк0Зщт0Сп.Атк0Сп.Зщт0Скор.0ОЗ0Атк0Зщт0Сп.Атк0Сп.Зщт0Скор.0ОЗ0Атк0Зщт0Сп.Атк0Сп.Зщт0Скор.,50%/50%,Mineral,30циклов,50,НеизвестноGen. IVНеизвестноIV184,,,Каменный/Ядовитый,
クサイハナ / Kusaihana,Травяной/Ядовитый,Оддиш← 0044 →Вайлплум,,50%/50 %,0.8 м.,8.6 кг.,,Grass,,,http://pokemon.wikia.com/wiki/File:0044.ogg,,,Глум,https://pokemon.fandom.com/ru/wiki/%D0%93%D0%BB%D1%83%D0%BC,,,,,,,,,,,,,,
オニゴーリ / Onigoori,Ледяной,Снорант← 0362 →Сфил,,50%/50 %,1.5 м.,256.5 кг.,,FairyMineral,,,http://pokemon.wikia.com/wiki/File:0362.ogg,,,Глэйли,https://pokemon.fandom.com/ru/wiki/%D0%93%D0%BB%D1%8D%D0%B9%D0%BB%D0%B8,,,,,,,,,,,,,,
ゴーゴート / Googooto,Травяной,Скиддо← 0673 →Панчам,,50%/50 %,1.7 м.,91.0 кг.,,Field,,,http://pokemon.wikia.com/wiki/File:0673.ogg,,,Гогоат,https://pokemon.fandom.com/ru/wiki/%D0%93%D0%BE%D0%B3%D0%BE%D0%B0%D1%82,,,,,,,,,,,,,,
ゴルバット / Gorubatto,Ядовитый/Летающий,Зубат← 0042 →Оддиш,,50%/50 %,1.6 м.,55.0 кг.,,Flying,,,http://pokemon.wikia.com/wiki/File:0042.ogg,,,Голбат,https://pokemon.fandom.com/ru/wiki/%D0%93%D0%BE%D0%BB%D0%B1%D0%B0%D1%82,,,,,,,,,,,,,,
ゴルダック / Gorudakku,Водный,Псайдак← 0055 →Манки,,50%/50 %,1.7 м.,76.6 кг.,,FieldWater 1,,,http://pokemon.wikia.com/wiki/File:0055.ogg,,,Голдак,https://pokemon.fandom.com/ru/wiki/%D0%93%D0%BE%D0%BB%D0%B4%D0%B0%D0%BA,,,,,,,,,,,,,,
Surfugo,,Гиммигул← 1000 →Во-Чьен,,,1.2 м,30.0 кг,Жёлтый,,,,http://pokemon.wikia.com/wiki/File:1000.ogg,,,Голденго,https://pokemon.fandom.com/ru/wiki/%D0%93%D0%BE%D0%BB%D0%B4%D0%B5%D0%BD%D0%B3%D0%BE,,,45(11.9%),Медленная,Всего: 2Gholdengo:0ОЗ0Атк0Зщт2Сп.Атк0Сп.Зщт0Скор.0ОЗ0Атк0Зщт0Сп.Атк0Сп.Зщт0Скор.0ОЗ0Атк0Зщт0Сп.Атк0Сп.Зщт0Скор.0ОЗ0Атк0Зщт0Сп.Атк0Сп.Зщт0Скор.,,No Eggs Discovered,50цикловЯйцо невозможно получить,50,НеизвестноGen. IVНеизвестноIV275,,,Стальной/Призрачный,Good as GoldCacophonyCacophony(скрытая способность)Cacophony(скрытая способность)CacophonyCacophony
トサキント / Tosakinto,Водный,Сидра← 0118 →Сикинг,,50%/50 %,0.6 м.,15.0 кг.,,Water 2,,,http://pokemon.wikia.com/wiki/File:0118.ogg,,,Голдин,https://pokemon.fandom.com/ru/wiki/%D0%93%D0%BE%D0%BB%D0%B4%D0%B8%D0%BD,,,,,,,,,,,,,,
